"siteId","activityId","startDate","endDate","nurse_vols","nurse_vols_hrs","social_vols","social_vols_hrs","samaritan_vols","samaritan_vols_hrs","rfl_vols","rfl_vols_hrs","fasttrack_vols","fasttrack_vols_hrs","Beneficiary.Volunteers","Beneficiaries.Hours.of.Service","staffvols_trained","Total.Volunteers..incl.Ben..","Total.Volunteer.Hours..incl.Ben..","Total.Volunteers..excl.Ben..","Total.Volunteer.Hours..excl.Ben..","locationId","locationName","latitude","longitude","partnerId","partnerName"
757306,70698,"2016-05-05","2016-05-12",14,64,7,28,9,52,0,0,0,0,0,0,0,30,144,30,144,2141418389,"Ritsona",38.39,23.5,13840,"Ritsona"
12173443,70698,"2016-03-25","2016-03-31",5,13,0,0,0,0,0,0,0,0,0,0,0,5,13,5,13,1094663034,"Chios",38.38333,26.11667,13754,"Chios"
16635347,70698,"2016-04-22","2016-04-28",1,28,0,0,0,0,1,42,0,0,0,0,0,2,70,2,70,519440442,"Samos",37.75,26.83333,13753,"Samos"
55981183,70698,"2016-03-25","2016-03-31",13,91,90,540,60,420,8,48,0,0,0,0,0,171,1099,171,1099,2025732386,"Athens",37.96667,23.71667,13761,"Athens"
77153906,70698,"2015-10-01","2015-12-25",0,0,0,0,538,2791,0,0,0,0,0,0,109,538,2791,538,2791,1537547328,"Idomeni",41.1265,22.518,13760,"Idomeni"
86769415,70698,"2015-12-26","2015-12-31",1,7,0,0,0,0,0,0,0,0,0,0,0,1,7,1,7,2025732386,"Athens",37.96667,23.71667,13761,"Athens"
98639876,70698,"2016-03-18","2016-03-24",14,62,0,0,0,0,0,0,0,0,0,0,24,14,62,14,62,1094663034,"Chios",38.38333,26.11667,13754,"Chios"
101710325,70698,"2016-05-27","2016-06-02",0,0,24,79,4,195,14,42,0,0,0,0,15,42,316,42,316,755114467,"Lesvos",39.1,26.55,13752,"Lesbos"
102527156,70698,"2016-05-06","2016-05-12",12,124,17,92,21,192,0,0,0,0,0,0,0,50,408,50,408,2025732386,"Athens",37.96667,23.71667,13761,"Athens"
102554557,70698,"2016-01-30","2016-02-04",0,0,25,151,13,1130,4,0,0,0,0,0,68,42,1281,42,1281,755114467,"Lesvos",39.1,26.55,13752,"Lesbos"
115870774,70698,"2016-05-06","2016-05-12",8,30,4,17,28,220,2,16,0,0,0,0,25,42,283,42,283,461396992,"Diavata",40.7,22.86,13838,"Diavata"
119075774,70698,"2016-02-05","2016-02-11",12,37,0,0,0,0,0,1,0,0,0,0,56,12,38,12,38,1094663034,"Chios",38.38333,26.11667,13754,"Chios"
143332573,70698,"2016-02-19","2016-02-25",0,0,6,28,0,0,0,0,0,0,0,0,1,6,28,6,28,569080712,"Kos",36.85,27.23333,13759,"Kos"
145094460,70698,"2016-04-29","2016-05-05",0,0,0,0,0,0,0,0,0,0,0,0,0,0,0,0,0,1094663034,"Chios",38.38333,26.11667,13754,"Chios"
156316368,70698,"2016-03-11","2016-03-17",11,55,16,80,39,195,0,0,0,0,0,0,0,66,330,66,330,461396992,"Diavata",40.7,22.86,13838,"Diavata"
163416182,70698,"2016-05-13","2016-05-19",0,0,22,57,3,276,12,14,0,0,0,0,19,37,347,37,347,755114467,"Lesvos",39.1,26.55,13752,"Lesbos"
164953356,70698,"2016-04-29","2016-05-05",1,27,0,0,0,0,1,15,0,0,0,0,0,2,42,2,42,519440442,"Samos",37.75,26.83333,13753,"Samos"
172173298,70698,"2016-03-25","2016-03-31",0,0,2,10,0,0,0,0,0,0,0,0,0,2,10,2,10,569080712,"Kos",36.85,27.23333,13759,"Kos"
218588540,70698,"2016-06-10","2016-06-16",0,0,7,17,5,332,11,33,12,33,0,0,84,35,415,35,415,755114467,"Lesvos",39.1,26.55,13752,"Lesbos"
230745569,70698,"2016-01-09","2016-01-15",3,15,10,50,12,60,0,0,0,0,0,0,0,25,125,25,125,1537547328,"Idomeni",41.1265,22.518,13910,"Hellenic Red Cross"
245551154,70698,"2016-02-05","2016-02-11",3,24,22,178,12,65,0,0,0,0,0,0,3,37,267,37,267,1537547328,"Idomeni",41.1265,22.518,13760,"Idomeni"
246688993,70698,"2016-01-30","2016-02-04",0,0,11,45,5,178,2,4,0,0,0,0,0,18,227,18,227,569080712,"Kos",36.85,27.23333,13759,"Kos"
251435846,70698,"2016-05-13","2016-05-19",18,96,9,36,12,110,0,0,0,0,0,0,32,39,242,39,242,2141418389,"Ritsona",38.39,23.5,13840,"Ritsona"
255988290,70698,"2016-06-10","2016-06-16",9,79,0,0,0,0,2,6,0,0,0,0,0,11,85,11,85,519440442,"Samos",37.75,26.83333,13753,"Samos"
263988887,70698,"2016-05-13","2016-05-19",0,0,0,0,0,0,0,0,0,0,0,0,0,0,0,0,0,569080712,"Kos",36.85,27.23333,13759,"Kos"
268002435,70698,"2016-05-27","2016-06-02",15,68,3,12,7,62,0,0,0,0,0,0,4,25,142,25,142,2141418389,"Ritsona",38.39,23.5,13840,"Ritsona"
292354108,70698,"2016-03-18","2016-03-24",12,60,0,0,0,0,0,32,0,0,0,0,6,12,92,12,92,519440442,"Samos",37.75,26.83333,13753,"Samos"
296038319,70698,"2015-12-26","2016-01-01",0,0,15,150,12,1258,4,90,0,0,0,0,13,31,1498,31,1498,755114467,"Lesvos",39.1,26.55,13752,"Lesbos"
297259026,70698,"2016-04-15","2016-04-21",10,70,69,402,43,301,1,9,0,0,0,0,0,123,782,123,782,2025732386,"Athens",37.96667,23.71667,13761,"Athens"
301465499,70698,"2016-06-03","2016-06-09",0,0,4,2,2,2,2,2,0,0,0,0,0,8,6,8,6,569080712,"Kos",36.85,27.23333,13759,"Kos"
312760636,70698,"2016-06-10","2016-06-16",15,64,5,20,7,58,0,0,0,0,2,10,0,29,152,27,142,2141418389,"Ritsona",38.39,23.5,13840,"Ritsona"
336931934,70698,"2016-04-01","2016-04-07",0,0,10,80,14,112,2,16,20,140,0,0,19,46,348,46,348,1537547328,"Idomeni",41.1265,22.518,13760,"Idomeni"
348683552,70698,"2016-04-29","2016-05-05",7,89,3,18,19,266,0,0,0,0,0,0,0,29,373,29,373,2025732386,"Athens",37.96667,23.71667,13761,"Athens"
395136917,70698,"2016-05-06","2016-05-12",0,0,31,77,7,328,8,19,0,0,0,0,24,46,424,46,424,755114467,"Lesvos",39.1,26.55,13752,"Lesbos"
399032955,70698,"2016-06-03","2016-06-09",4,11,0,0,0,0,0,0,0,0,0,0,0,4,11,4,11,1094663034,"Chios",38.38333,26.11667,13754,"Chios"
417234153,70698,"2016-01-02","2016-01-08",10,51,0,0,0,0,0,0,0,0,0,0,0,10,51,10,51,519440442,"Samos",37.75,26.83333,13753,"Samos"
440937549,70698,"2016-05-20","2016-05-26",0,0,2,6,0,0,2,3,0,0,0,0,0,4,9,4,9,569080712,"Kos",36.85,27.23333,13759,"Kos"
444327852,70698,"2016-04-29","2016-05-05",0,0,11,26,3,509,3,8,0,0,0,0,15,17,543,17,543,755114467,"Lesvos",39.1,26.55,13752,"Lesbos"
498934441,70698,"2016-03-18","2016-03-24",0,0,27,320,14,968,11,23,0,0,0,0,20,52,1311,52,1311,755114467,"Lesvos",39.1,26.55,13752,"Lesbos"
521350306,70698,"2016-03-11","2016-03-17",0,0,5,18,1,1,2,0,0,0,0,0,0,8,19,8,19,569080712,"Kos",36.85,27.23333,13759,"Kos"
552339820,70698,"2016-06-17","2016-06-23",0,0,14,43,5,78,14,43,26,83,0,0,79,59,247,59,247,755114467,"Lesvos",39.1,26.55,13752,"Lesbos"
559387817,70698,"2016-05-13","2016-05-19",5,17,0,0,0,0,0,0,0,0,0,0,0,5,17,5,17,1094663034,"Chios",38.38333,26.11667,13754,"Chios"
559563863,70698,"2016-03-11","2016-03-17",15,80,0,0,0,0,0,0,0,0,0,0,2,15,80,15,80,519440442,"Samos",37.75,26.83333,13753,"Samos"
563939868,70698,"2015-12-26","2016-01-01",10,48,0,0,0,0,2,6,0,0,0,0,0,12,54,12,54,519440442,"Samos",37.75,26.83333,13910,"Hellenic Red Cross"
565237195,70698,"2016-04-15","2016-04-21",0,0,0,0,0,0,0,0,0,0,0,0,0,0,0,0,0,569080712,"Kos",36.85,27.23333,13759,"Kos"
586607613,70698,"2016-01-02","2016-01-08",8,30,10,50,0,0,0,0,0,0,0,0,0,18,80,18,80,1537547328,"Idomeni",41.1265,22.518,13760,"Idomeni"
587245210,70698,"2016-01-02","2016-01-08",0,0,15,194,12,1314,4,100,0,0,0,0,0,31,1608,31,1608,755114467,"Lesvos",39.1,26.55,13752,"Lesbos"
592877557,70698,"2016-04-22","2016-04-28",10,64,16,87,45,315,0,0,0,0,0,0,11,71,466,71,466,2025732386,"Athens",37.96667,23.71667,13761,"Athens"
594759670,70698,"2016-04-01","2016-04-07",1,28,0,0,0,0,0,0,0,0,0,0,0,1,28,1,28,519440442,"Samos",37.75,26.83333,13753,"Samos"
609309489,70698,"2016-01-23","2016-01-29",0,0,11,55,6,156,2,4,0,0,0,0,0,19,215,19,215,569080712,"Kos",36.85,27.23333,13910,"Hellenic Red Cross"
628981206,70698,"2016-01-23","2016-01-29",17,58,0,0,0,0,0,0,0,0,0,0,52,17,58,17,58,1094663034,"Chios",38.38333,26.11667,13910,"Hellenic Red Cross"
645332781,70698,"2016-04-08","2016-04-14",0,0,24,102,2,252,8,10,0,0,0,0,45,34,364,34,364,755114467,"Lesvos",39.1,26.55,13752,"Lesbos"
645759810,70698,"2016-06-03","2016-06-09",10,80,9,36,22,110,3,24,21,84,0,0,64,65,334,65,334,461396992,"Diavata",40.7,22.86,13838,"Diavata"
650823212,70698,"2016-02-19","2016-02-25",1,3,18,96,15,81,0,0,0,0,0,0,12,34,180,34,180,2025732386,"Athens",37.96667,23.71667,13761,"Athens"
655465390,70698,"2016-02-26","2016-03-03",6,20,7,35,42,210,0,0,0,0,0,0,0,55,265,55,265,461396992,"Diavata",40.7,22.86,13838,"Diavata"
661757696,70698,"2015-10-01","2015-12-25",0,0,0,0,189,1389,0,0,0,0,0,0,106,189,1389,189,1389,1094663034,"Chios",38.38333,26.11667,13754,"Chios"
671605138,70698,"2016-03-25","2016-03-31",14,112,19,94,20,100,1,6,0,0,0,0,0,54,312,54,312,461396992,"Diavata",40.7,22.86,13838,"Diavata"
681352480,70698,"2016-02-26","2016-03-03",0,0,54,147,14,1126,5,60,0,0,0,0,32,73,1333,73,1333,755114467,"Lesvos",39.1,26.55,13752,"Lesbos"
688398369,70698,"2016-01-09","2016-01-15",0,0,45,175,11,1205,4,0,0,0,0,0,4,60,1380,60,1380,755114467,"Lesvos",39.1,26.55,13910,"Hellenic Red Cross"
700277736,70698,"2015-10-01","2015-12-25",0,0,0,0,429,22798,0,0,0,0,0,0,259,429,22798,429,22798,755114467,"Lesvos",39.1,26.55,13752,"Lesbos"
708989951,70698,"2016-02-12","2016-02-18",0,0,20,84,13,1228,3,54,0,0,0,0,57,36,1366,36,1366,755114467,"Lesvos",39.1,26.55,13752,"Lesbos"
711735920,70698,"2015-10-01","2015-12-25",0,0,0,0,521,2955,0,0,0,0,0,0,135,521,2955,521,2955,2025732386,"Athens",37.96667,23.71667,13761,"Athens"
711776181,70698,"2016-04-22","2016-04-28",0,0,0,0,0,0,0,0,0,0,0,0,0,0,0,0,0,569080712,"Kos",36.85,27.23333,13759,"Kos"
717073387,70698,"2016-03-11","2016-03-17",0,0,24,126,12,1020,11,23,0,0,0,0,0,47,1169,47,1169,755114467,"Lesvos",39.1,26.55,13752,"Lesbos"
721728244,70698,"2016-05-27","2016-06-02",0,0,4,16,22,88,1,8,0,0,0,0,0,27,112,27,112,1159912091,"Kordelio",40.6621,22.8956,13910,"Hellenic Red Cross"
753159453,70698,"2016-02-12","2016-02-18",1,3,8,26,4,14,0,0,0,0,0,0,0,13,43,13,43,2025732386,"Athens",37.96667,23.71667,13761,"Athens"
774054793,70698,"2016-06-17","2016-06-23",0,0,0,0,4,20,1,8,0,0,0,0,0,5,28,5,28,1116080926,"Oraiokastro",40.729,22.9105,13910,"Hellenic Red Cross"
778260297,70698,"2016-04-22","2016-04-28",0,0,11,88,18,144,1,8,6,48,0,0,0,36,288,36,288,1537547328,"Idomeni",41.1265,22.518,13760,"Idomeni"
780614731,70698,"2016-01-16","2016-01-22",0,0,29,95,13,795,3,50,0,0,0,0,32,45,940,45,940,755114467,"Lesvos",39.1,26.55,13910,"Hellenic Red Cross"
787878664,70698,"2016-03-04","2016-03-10",0,0,45,170,12,1020,9,36,0,0,0,0,0,66,1226,66,1226,755114467,"Lesvos",39.1,26.55,13752,"Lesbos"
811217837,70698,"2016-06-03","2016-06-09",0,0,22,72,2,70,18,43,0,0,0,0,5,42,185,42,185,755114467,"Lesvos",39.1,26.55,13752,"Lesbos"
812633807,70698,"2016-02-12","2016-02-18",3,35,0,0,0,0,0,0,0,0,0,0,0,3,35,3,35,519440442,"Samos",37.75,26.83333,13753,"Samos"
820408559,70698,"2016-02-26","2016-03-03",4,24,27,216,21,184,8,30,0,0,0,0,0,60,454,60,454,1537547328,"Idomeni",41.1265,22.518,13760,"Idomeni"
824615736,70698,"2016-05-06","2016-05-12",0,0,0,0,0,0,0,0,0,0,0,0,0,0,0,0,0,1094663034,"Chios",38.38333,26.11667,13754,"Chios"
840595411,70698,"2016-04-29","2016-05-05",0,0,0,0,0,0,0,0,0,0,0,0,0,0,0,0,0,569080712,"Kos",36.85,27.23333,13759,"Kos"
841182034,70698,"2016-01-16","2016-01-22",12,127,0,0,0,0,0,2,0,0,0,0,7,12,129,12,129,519440442,"Samos",37.75,26.83333,13910,"Hellenic Red Cross"
867411804,70698,"2016-05-27","2016-06-02",18,176,26,160,17,107,0,0,0,0,0,0,31,61,443,61,443,2025732386,"Athens",37.96667,23.71667,13761,"Athens"
887281262,70698,"2016-01-23","2016-01-29",1,8,21,147,12,65,0,0,0,0,0,0,0,34,220,34,220,1537547328,"Idomeni",41.1265,22.518,13910,"Hellenic Red Cross"
898779376,70698,"2016-02-19","2016-02-25",6,59,0,0,0,0,1,4,0,0,0,0,2,7,63,7,63,519440442,"Samos",37.75,26.83333,13753,"Samos"
912760916,70698,"2016-01-16","2016-01-22",3,30,16,136,10,100,0,0,0,0,0,0,0,29,266,29,266,1537547328,"Idomeni",41.1265,22.518,13910,"Hellenic Red Cross"
922070904,70698,"2016-01-01","2016-01-08",6,55,6,30,4,20,0,0,0,0,0,0,18,16,105,16,105,2025732386,"Athens",37.96667,23.71667,13761,"Athens"
960380888,70698,"2016-06-10","2016-06-16",0,0,9,48,16,77,0,0,12,64,10,150,0,47,339,37,189,1159912091,"Kordelio",40.6621,22.8956,13910,"Hellenic Red Cross"
970782568,70698,"2016-05-06","2016-05-12",0,0,8,64,16,128,2,16,9,72,0,0,25,35,280,35,280,1537547328,"Idomeni",41.1265,22.518,13760,"Idomeni"
984138913,70698,"2016-03-04","2016-03-10",12,72,0,0,0,0,0,0,0,0,0,0,0,12,72,12,72,1094663034,"Chios",38.38333,26.11667,13754,"Chios"
984592495,70698,"2016-02-05","2016-02-11",7,42,15,90,10,60,0,0,0,0,0,0,0,32,192,32,192,2025732386,"Athens",37.96667,23.71667,13761,"Athens"
990220476,70698,"2016-03-18","2016-03-24",0,0,7,24,2,4,2,0,0,0,0,0,0,11,28,11,28,569080712,"Kos",36.85,27.23333,13759,"Kos"
999966431,70698,"2016-03-04","2016-03-10",9,63,39,274,31,217,0,0,0,0,0,0,0,79,554,79,554,2025732386,"Athens",37.96667,23.71667,13761,"Athens"
1009513594,70698,"2016-05-13","2016-05-19",20,142,14,80,20,115,0,0,0,0,0,0,0,54,337,54,337,2025732386,"Athens",37.96667,23.71667,13761,"Athens"
1022066557,70698,"2015-10-01","2015-12-25",0,0,0,0,145,1187,0,0,0,0,0,0,100,145,1187,145,1187,519440442,"Samos",37.75,26.83333,13753,"Samos"
1029838801,70698,"2016-02-05","2016-02-11",8,50,0,0,0,0,0,0,0,0,0,0,2,8,50,8,50,519440442,"Samos",37.75,26.83333,13753,"Samos"
1030740524,70698,"2016-06-10","2016-06-16",0,0,0,0,8,64,0,0,0,0,0,0,0,8,64,8,64,354452122,"Nea Kavala",40.99,22.62,13839,"Nea Kavala"
1037368362,70698,"2016-03-11","2016-03-17",7,56,103,515,53,371,14,56,0,0,0,0,1,177,998,177,998,2025732386,"Athens",37.96667,23.71667,13761,"Athens"
1063690253,70698,"2016-02-19","2016-02-25",0,0,48,96,12,1084,4,94,0,0,0,0,55,64,1274,64,1274,755114467,"Lesvos",39.1,26.55,13752,"Lesbos"
1069395137,70698,"2016-03-25","2016-03-31",0,0,7,12,14,1042,7,10,0,0,0,0,14,28,1064,28,1064,755114467,"Lesvos",39.1,26.55,13752,"Lesbos"
1070401489,70698,"2016-03-18","2016-03-24",7,40,18,90,35,140,2,6,0,0,0,0,28,62,276,62,276,461396992,"Diavata",40.7,22.86,13838,"Diavata"
1082189544,70698,"2016-02-12","2016-02-18",15,65,0,0,0,0,0,0,0,0,0,0,36,15,65,15,65,1094663034,"Chios",38.38333,26.11667,13754,"Chios"
1107023504,70698,"2016-02-26","2016-03-03",10,63,0,0,0,0,1,1,0,0,0,0,0,11,64,11,64,519440442,"Samos",37.75,26.83333,13753,"Samos"
1113654858,70698,"2016-04-01","2016-04-07",0,0,0,0,0,0,0,0,0,0,0,0,0,0,0,0,0,569080712,"Kos",36.85,27.23333,13759,"Kos"
1121658594,70698,"2016-05-06","2016-05-12",0,0,0,0,0,0,0,0,0,0,0,0,0,0,0,0,0,569080712,"Kos",36.85,27.23333,13759,"Kos"
1122114111,70698,"2016-04-08","2016-04-14",14,98,108,628,54,328,0,0,0,0,0,0,0,176,1054,176,1054,2025732386,"Athens",37.96667,23.71667,13761,"Athens"
1123096343,70698,"2016-02-12","2016-02-18",0,0,8,34,2,24,2,2,0,0,0,0,0,12,60,12,60,569080712,"Kos",36.85,27.23333,13759,"Kos"
1126244049,70698,"2016-06-10","2016-06-16",0,0,5,4,2,2,2,2,0,0,0,0,0,9,8,9,8,569080712,"Kos",36.85,27.23333,13759,"Kos"
1127721856,70698,"2016-05-20","2016-05-26",9,26,0,0,0,0,0,0,0,0,0,0,0,9,26,9,26,1094663034,"Chios",38.38333,26.11667,13754,"Chios"
1128250355,70698,"2016-06-17","2016-06-23",0,0,2,6,4,2,2,4,0,0,0,0,0,8,12,8,12,569080712,"Kos",36.85,27.23333,13759,"Kos"
1153720991,70698,"2016-01-02","2016-01-08",0,0,12,72,8,504,2,3,0,0,0,0,0,22,579,22,579,569080712,"Kos",36.85,27.23333,13759,"Kos"
1156262994,70698,"2016-05-27","2016-06-02",11,88,5,84,15,75,3,24,16,0,0,0,0,50,271,50,271,461396992,"Diavata",40.7,22.86,13838,"Diavata"
1164504461,70698,"2016-04-29","2016-05-05",3,12,2,10,0,0,2,16,0,0,0,0,0,7,38,7,38,461396992,"Diavata",40.7,22.86,13838,"Diavata"
1211784358,70698,"2016-06-03","2016-06-09",1,53,0,0,0,0,2,12,0,0,0,0,11,3,65,3,65,519440442,"Samos",37.75,26.83333,13753,"Samos"
1211833469,70698,"2015-12-26","2016-01-01",0,0,12,72,8,48,2,3,0,0,0,0,0,22,123,22,123,569080712,"Kos",36.85,27.23333,13759,"Kos"
1212494053,70698,"2015-12-26","2016-01-01",6,23,0,0,0,0,0,0,0,0,0,0,0,6,23,6,23,1094663034,"Chios",38.38333,26.11667,13754,"Chios"
1222224946,70698,"2016-04-15","2016-04-21",0,0,27,106,3,252,9,25,0,0,0,0,63,39,383,39,383,755114467,"Lesvos",39.1,26.55,13752,"Lesbos"
1229711608,70698,"2016-02-26","2016-03-03",12,80,0,0,0,0,0,0,0,0,0,0,38,12,80,12,80,1094663034,"Chios",38.38333,26.11667,13754,"Chios"
1240851535,70698,"2016-03-04","2016-03-10",8,74,0,0,0,0,4,2,0,0,0,0,0,12,76,12,76,519440442,"Samos",37.75,26.83333,13753,"Samos"
1241798370,70698,"2016-01-23","2016-01-29",0,0,35,182,12,1040,3,45,0,0,0,0,72,50,1267,50,1267,755114467,"Lesvos",39.1,26.55,13910,"Hellenic Red Cross"
1261382212,70698,"2016-04-22","2016-04-28",0,0,7,24,7,1285,9,26,0,0,0,0,16,23,1335,23,1335,755114467,"Lesvos",39.1,26.55,13752,"Lesbos"
1267654090,70698,"2015-12-26","2016-01-01",3,15,12,60,12,60,0,0,0,0,0,0,22,27,135,27,135,1537547328,"Idomeni",41.1265,22.518,13760,"Idomeni"
1272816496,70698,"2016-06-03","2016-06-09",7,35,5,25,19,95,1,8,18,90,0,0,0,50,253,50,253,1159912091,"Kordelio",40.6621,22.8956,13910,"Hellenic Red Cross"
1279941994,70698,"2016-02-12","2016-02-18",3,15,17,119,17,85,0,0,0,0,0,0,27,37,219,37,219,1537547328,"Idomeni",41.1265,22.518,13760,"Idomeni"
1289176094,70698,"2016-02-18","2016-02-25",13,110,0,0,0,0,0,0,0,0,0,0,0,13,110,13,110,1094663034,"Chios",38.38333,26.11667,13754,"Chios"
1290719295,70698,"2016-04-22","2016-04-28",5,15,0,0,0,0,0,0,0,0,0,0,0,5,15,5,15,1094663034,"Chios",38.38333,26.11667,13754,"Chios"
1311220093,70698,"2016-01-23","2016-01-29",8,40,9,45,12,60,0,0,0,0,0,0,0,29,145,29,145,2025732386,"Athens",37.96667,23.71667,13910,"Hellenic Red Cross"
1320252132,70698,"2016-04-08","2016-04-14",6,36,17,85,25,125,2,16,0,0,0,0,0,50,262,50,262,461396992,"Diavata",40.7,22.86,13838,"Diavata"
1332906416,70698,"2016-01-23","2016-01-29",13,86,0,0,0,0,0,0,0,0,0,0,0,13,86,13,86,519440442,"Samos",37.75,26.83333,13910,"Hellenic Red Cross"
1340497257,70698,"2016-04-29","2016-05-05",0,0,6,48,20,155,2,16,0,0,0,0,0,28,219,28,219,1537547328,"Idomeni",41.1265,22.518,13760,"Idomeni"
1349271731,70698,"2016-04-22","2016-04-28",5,40,18,80,20,100,2,16,0,0,0,0,0,45,236,45,236,461396992,"Diavata",40.7,22.86,13838,"Diavata"
1349673355,70698,"2016-03-04","2016-03-10",0,0,7,15,0,0,0,0,0,0,0,0,0,7,15,7,15,569080712,"Kos",36.85,27.23333,13759,"Kos"
1393208021,70698,"2016-04-08","2016-04-14",10,31,0,0,0,0,0,0,0,0,0,0,0,10,31,10,31,1094663034,"Chios",38.38333,26.11667,13754,"Chios"
1413692480,70698,"2016-04-08","2016-04-14",0,0,13,91,13,82,2,14,14,98,0,0,18,42,285,42,285,1537547328,"Idomeni",41.1265,22.518,13760,"Idomeni"
1422551413,70698,"2016-02-05","2016-02-11",0,0,9,45,5,116,2,4,0,0,0,0,0,16,165,16,165,569080712,"Kos",36.85,27.23333,13759,"Kos"
1434529838,70698,"2016-05-13","2016-05-19",7,62,0,0,0,0,1,5,0,0,0,0,0,8,67,8,67,519440442,"Samos",37.75,26.83333,13753,"Samos"
1441515378,70698,"2016-04-01","2016-04-07",3,11,0,0,0,0,0,0,0,0,0,0,0,3,11,3,11,1094663034,"Chios",38.38333,26.11667,13754,"Chios"
1455489431,70698,"2016-02-26","2016-03-03",28,168,49,294,38,228,0,0,0,0,0,0,0,115,690,115,690,2025732386,"Athens",37.96667,23.71667,13761,"Athens"
1469722997,70698,"2016-01-16","2016-01-22",0,0,10,64,5,270,2,3,0,0,0,0,0,17,337,17,337,569080712,"Kos",36.85,27.23333,13910,"Hellenic Red Cross"
1472005981,70698,"2016-05-27","2016-06-02",0,0,2,4,4,4,5,6,0,0,0,0,0,11,14,11,14,569080712,"Kos",36.85,27.23333,13759,"Kos"
1475406769,70698,"2016-01-30","2016-02-04",2,16,22,178,13,69,0,0,0,0,0,0,0,37,263,37,263,1537547328,"Idomeni",41.1265,22.518,13760,"Idomeni"
1476450085,70698,"2016-04-01","2016-04-07",0,0,16,51,10,852,7,10,0,0,0,0,112,33,913,33,913,755114467,"Lesvos",39.1,26.55,13752,"Lesbos"
1481829464,70698,"2016-05-20","2016-05-26",17,144,17,101,15,90,0,0,0,0,0,0,3,49,335,49,335,2025732386,"Athens",37.96667,23.71667,13761,"Athens"
1487986506,70698,"2016-04-08","2016-04-14",0,0,0,0,0,0,0,0,0,0,0,0,0,0,0,0,0,569080712,"Kos",36.85,27.23333,13759,"Kos"
1510799446,70698,"2016-01-16","2016-01-22",4,24,9,36,15,60,0,0,0,0,0,0,0,28,120,28,120,2025732386,"Athens",37.96667,23.71667,13910,"Hellenic Red Cross"
1518851966,70698,"2016-05-13","2016-05-19",13,78,4,16,15,75,2,16,0,0,0,0,0,34,185,34,185,461396992,"Diavata",40.7,22.86,13838,"Diavata"
1520710121,70698,"2016-03-18","2016-03-24",35,245,121,605,67,469,14,84,0,0,0,0,0,237,1403,237,1403,2025732386,"Athens",37.96667,23.71667,13761,"Athens"
1520722778,70698,"2016-04-15","2016-04-21",1,29,0,0,0,0,0,0,0,0,0,0,0,1,29,1,29,519440442,"Samos",37.75,26.83333,13753,"Samos"
1534318685,70698,"2016-04-15","2016-04-21",11,33.5,0,0,0,0,0,0,0,0,0,0,0,11,33.5,11,33.5,1094663034,"Chios",38.38333,26.11667,13754,"Chios"
1554321510,70698,"2015-10-01","2015-12-25",0,0,0,0,190,1538,0,0,0,0,0,0,35,190,1538,190,1538,569080712,"Kos",36.85,27.23333,13759,"Kos"
1559170096,70698,"2016-03-25","2016-03-31",0,0,11,80,17,136,3,14,15,109,0,0,0,46,339,46,339,1537547328,"Idomeni",41.1265,22.518,13760,"Idomeni"
1564546378,70698,"2016-06-10","2016-06-16",9,72,5,25,9,45,3,24,9,45,0,0,19,35,211,35,211,461396992,"Diavata",40.7,22.86,13838,"Diavata"
1572372799,70698,"2016-02-05","2016-02-11",0,0,25,147,13,1174,2,44,0,0,0,0,86,40,1365,40,1365,755114467,"Lesvos",39.1,26.55,13752,"Lesbos"
1575067977,70698,"2016-05-27","2016-06-02",0,0,0,0,92,1630,0,0,0,0,0,0,0,92,1630,92,1630,354452122,"Nea Kavala",40.99,22.62,13839,"Nea Kavala"
1575435746,70698,"2016-06-03","2016-06-09",0,0,0,0,0,0,0,0,0,0,32,640,0,32,640,0,0,569257762,"Cherso",41.09591,22.7691697,13837,"Cherso"
1599156634,70698,"2016-06-03","2016-06-09",20,144,20,148,17,94,0,0,0,0,0,0,0,57,386,57,386,2025732386,"Athens",37.96667,23.71667,13761,"Athens"
1625470357,70698,"2016-05-20","2016-05-26",10,75,8,32,12,60,2,16,13,52,0,0,55,45,235,45,235,461396992,"Diavata",40.7,22.86,13838,"Diavata"
1626259809,70698,"2016-01-30","2016-02-04",9,60,0,0,0,0,1,1,0,0,0,0,27,10,61,10,61,1094663034,"Chios",38.38333,26.11667,13754,"Chios"
1626390519,70698,"2016-05-20","2016-05-26",15,80,5,20,7,49,0,0,0,0,0,0,0,27,149,27,149,2141418389,"Ritsona",38.39,23.5,13840,"Ritsona"
1627988754,70698,"2016-05-20","2016-05-26",4,60,0,0,0,0,1,2,0,0,0,0,0,5,62,5,62,519440442,"Samos",37.75,26.83333,13753,"Samos"
1633939646,70698,"2016-04-15","2016-04-21",0,0,15,120,20,160,4,32,11,88,0,0,0,50,400,50,400,1537547328,"Idomeni",41.1265,22.518,13760,"Idomeni"
1637107378,70698,"2016-05-20","2016-05-26",0,0,0,0,0,0,0,0,0,0,0,0,24,0,0,0,0,755114467,"Lesvos",39.1,26.55,13752,"Lesbos"
1640879445,70698,"2016-01-30","2016-02-04",5,20,9,48,8,32,0,0,0,0,0,0,0,22,100,22,100,2025732386,"Athens",37.96667,23.71667,13761,"Athens"
1642428311,70698,"2016-06-17","2016-06-23",14,132,8,64,13,48,0,0,9,72,10,140,55,54,456,44,316,2025732386,"Athens",37.96667,23.71667,13761,"Athens"
1669263741,70698,"2016-04-01","2016-04-07",6,34,17,85,25,125,2,12,0,0,0,0,19,50,256,50,256,461396992,"Diavata",40.7,22.86,13838,"Diavata"
1674070636,70698,"2016-01-16","2016-01-22",15,70,0,0,0,0,0,0,0,0,0,0,0,15,70,15,70,1094663034,"Chios",38.38333,26.11667,13910,"Hellenic Red Cross"
1677679736,70698,"2016-01-09","2016-01-15",19,47,0,0,0,0,0,0,0,0,0,0,0,19,47,19,47,1094663034,"Chios",38.38333,26.11667,13910,"Hellenic Red Cross"
1697178514,70698,"2016-01-09","2016-01-15",0,0,12,72,4,320,2,3,0,0,0,0,0,18,395,18,395,569080712,"Kos",36.85,27.23333,13910,"Hellenic Red Cross"
1699636712,70698,"2016-04-08","2016-04-14",1,12,0,0,0,0,0,0,0,0,0,0,0,1,12,1,12,519440442,"Samos",37.75,26.83333,13753,"Samos"
1702158086,70698,"2016-01-09","2016-01-15",12,112,0,0,0,0,0,2,0,0,0,0,0,12,114,12,114,519440442,"Samos",37.75,26.83333,13753,"Samos"
1749027458,70698,"2016-06-10","2016-06-16",18,126,14,89,10,75,0,0,0,0,0,0,11,42,290,42,290,2025732386,"Athens",37.96667,23.71667,13761,"Athens"
1816015297,70698,"2016-02-26","2016-03-03",0,0,8,42,0,0,0,0,0,0,0,0,0,8,42,8,42,569080712,"Kos",36.85,27.23333,13759,"Kos"
1829654448,70698,"2016-03-04","2016-03-10",4,32,18,108,38,228,0,0,0,0,0,0,0,60,368,60,368,461396992,"Diavata",40.7,22.86,13838,"Diavata"
1889431932,70698,"2016-06-10","2016-06-16",6,19,0,0,0,0,0,0,0,0,0,0,0,6,19,6,19,1094663034,"Chios",38.38333,26.11667,13754,"Chios"
1922864373,70698,"2016-02-24","2016-02-25",4,16,1,8,15,75,0,0,0,0,0,0,0,20,99,20,99,461396992,"Diavata",40.7,22.86,13838,"Diavata"
1930645339,70698,"2016-04-01","2016-04-07",24,168,85,510,54,324,2,12,0,0,0,0,0,165,1014,165,1014,2025732386,"Athens",37.96667,23.71667,13761,"Athens"
1942124696,70698,"2016-06-03","2016-06-09",0,0,0,0,0,0,1,8,0,0,0,0,0,1,8,1,8,1116080926,"Oraiokastro",40.729,22.9105,13910,"Hellenic Red Cross"
1945156020,70698,"2016-01-09","2016-01-15",6,30,4,20,0,0,0,0,0,0,0,0,11,10,50,10,50,2025732386,"Athens",37.96667,23.71667,13910,"Hellenic Red Cross"
1945204247,70698,"2016-06-10","2016-06-16",0,0,0,0,0,0,1,8,0,0,0,0,0,1,8,1,8,1116080926,"Oraiokastro",40.729,22.9105,13910,"Hellenic Red Cross"
1961610593,70698,"2016-05-06","2016-05-12",7,82,0,0,0,0,2,19,0,0,0,0,0,9,101,9,101,519440442,"Samos",37.75,26.83333,13753,"Samos"
1977856400,70698,"2016-03-11","2016-03-17",16,71,0,0,0,0,0,0,0,0,0,0,0,16,71,16,71,1094663034,"Chios",38.38333,26.11667,13754,"Chios"
1989738421,70698,"2016-06-17","2016-06-23",9,40,2,10,3,36,0,0,0,0,4,8,0,18,94,14,86,2141418389,"Ritsona",38.39,23.5,13840,"Ritsona"
1991981961,70698,"2016-03-25","2016-03-31",2,30,0,0,0,0,1,2,0,0,0,0,0,3,32,3,32,519440442,"Samos",37.75,26.83333,13753,"Samos"
2001235466,70698,"2016-06-03","2016-06-09",0,0,0,0,0,0,0,0,0,0,0,0,0,0,0,0,0,354452122,"Nea Kavala",40.99,22.62,13839,"Nea Kavala"
2014312840,70698,"2016-02-19","2016-02-25",4,24,18,90,0,80,9,30,0,0,0,0,1,31,224,31,224,1537547328,"Idomeni",41.1265,22.518,13760,"Idomeni"
2020076042,70698,"2016-06-03","2016-06-09",0,0,0,0,0,0,0,0,0,0,45,900,0,45,900,0,0,354452122,"Nea Kavala",40.99,22.62,13839,"Nea Kavala"
2039436188,70698,"2016-03-04","2016-03-10",1,8,29,205,34,292,3,16,0,0,0,0,0,67,521,67,521,1537547328,"Idomeni",41.1265,22.518,13760,"Idomeni"
2050888910,70698,"2016-03-11","2016-03-17",2,16,25,192,26,229,1,8,0,0,0,0,0,54,445,54,445,1537547328,"Idomeni",41.1265,22.518,13760,"Idomeni"
2052164264,70698,"2016-06-03","2016-06-09",14,60,4,16,6,10,0,0,0,0,0,0,0,24,86,24,86,2141418389,"Ritsona",38.39,23.5,13840,"Ritsona"
2056574216,70698,"2016-03-18","2016-03-24",1,7,22,153,24,190,0,0,0,0,0,0,28,47,350,47,350,1537547328,"Idomeni",41.1265,22.518,13760,"Idomeni"
2091058644,70698,"2016-01-30","2016-02-04",10,24,0,0,0,0,1,0,0,0,0,0,0,11,24,11,24,519440442,"Samos",37.75,26.83333,13753,"Samos"
2093792536,70698,"2016-05-13","2016-05-19",0,0,6,48,16,128,2,16,6,48,0,0,20,30,240,30,240,1537547328,"Idomeni",41.1265,22.518,13760,"Idomeni"
2109922672,70698,"2016-06-17","2016-06-23",9,72,4,20,4,20,0,0,8,40,0,0,19,25,152,25,152,461396992,"Diavata",40.7,22.86,13838,"Diavata"
2139914276,70698,"2016-04-15","2016-04-21",5,40,14,56,20,100,0,0,0,0,0,0,0,39,196,39,196,461396992,"Diavata",40.7,22.86,13838,"Diavata"
