"siteId","activityId","startDate","endDate","male","female","under5","total_beneficiaries","total_beneficiaries2","family_parcels","food_parcels","food_to_go","hot_meals","water_bottles","survival_kits","total_food","fem_hygkit","male_hygkit","unisex_hygkit","san_pads","razors","baby_kits","diapers","total_hygiene","total_hygkits","sleeping_bags","camp_mats","high_thermal_blankets","med_thermal_blankets","jackets","socks","total_textiles","duffel_bags","backpacks","total_bags","total_warmth","total_clothing","alum_blankets","other","total_nfi_other","tea","plastic_cups","sugar_packs","plastic_bags","ramadan","Total.all.distributions","locationId","locationName","latitude","longitude","partnerId","partnerName","Data.Collection"
24149917,70699,"2016-01-16","2016-01-22",192,22,27,241,0,26,209,0,0,472,0,235,27,0,208,0,209,5,0,449,235,0,0,0,61,0,0,61,0,216,216,61,0,0,492,708,0,0,0,0,0,1925,569080712,"Kos",36.85,27.23333,13759,"Kos","Manual"
55373472,70699,"2016-06-10","2016-06-16",0,0,0,800,800,0,0,0,0,0,0,0,0,0,0,0,0,0,0,0,0,0,0,0,0,0,0,0,0,200,200,0,0,0,0,200,800,300,400,0,1500,1700,519440442,"Samos",37.75,26.83333,13753,"Samos","Manual"
70857558,70699,"2016-06-10","2016-06-16",0,0,0,2866,2866,0,0,400,0,0,576,400,0,0,0,0,0,210,0,210,0,0,0,0,0,0,0,0,0,80,80,0,0,0,300,956,400,400,400,100,1300,2866,461396992,"Diavata",40.7,22.86,13838,"Diavata","Manual"
96111223,70699,"2016-04-29","2016-05-05",0,0,0,0,0,0,0,0,0,0,0,0,0,0,0,0,0,0,0,0,0,0,0,0,0,0,0,0,0,0,0,0,0,0,0,0,0,0,0,0,0,0,2025732386,"Athens",37.96667,23.71667,13761,"Athens","Manual"
112518487,70699,"2016-01-16","2016-01-22",973,828,343,2144,0,0,1414,0,0,2963,0,1414,0,0,728,0,0,101,0,829,728,0,0,1115,0,0,0,1115,740,0,740,1115,0,0,2739,3479,0,0,0,0,0,9800,755114467,"Lesvos",39.1,26.55,13752,"Lesbos","Manual"
138786808,70699,"2016-05-20","2016-05-26",0,0,0,0,0,0,0,0,0,0,0,0,0,0,0,0,0,0,0,0,0,0,0,0,0,0,0,0,0,0,0,0,0,0,0,0,0,0,0,0,0,0,2025732386,"Athens",37.96667,23.71667,13761,"Athens","Manual"
153044124,70699,"2016-04-01","2016-04-07",58,44,30,132,0,0,101,0,0,192,0,101,0,0,61,0,0,2,0,63,61,0,0,55,0,0,0,55,0,0,0,55,0,0,0,0,0,0,0,0,0,411,755114467,"Lesvos",39.1,26.55,13752,"Lesbos","Manual"
156798257,70699,"2016-03-18","2016-03-24",104,79,9,192,0,0,0,0,0,0,175,0,0,0,0,0,0,0,0,0,0,0,0,0,0,0,0,0,0,0,0,0,0,0,0,175,0,0,0,0,0,175,1094663034,"Chios",38.38333,26.11667,13754,"Chios","Manual"
168116109,70699,"2016-02-26","2016-03-03",0,0,0,14951,14951,0,2459,0,0,6800,0,2459,0,0,1252,463,200,579,0,2494,1252,1171,385,0,180,232,50,2018,0,1180,1180,1736,282,0,0,1180,0,0,0,0,0,14951,1537547328,"Idomeni",41.1265,22.518,13760,"Idomeni","Manual"
174953703,70699,"2016-04-08","2016-04-14",0,0,0,17235,17235,0,2880,0,0,1520,0,2880,0,0,1856,540,1250,940,0,4586,1856,0,0,206,0,0,0,206,0,692,692,206,0,0,7351,8043,0,0,0,0,0,17235,1537547328,"Idomeni",41.1265,22.518,13760,"Idomeni","Manual"
183934627,70699,"2016-04-22","2016-04-28",0,0,0,3891,3891,0,0,3600,0,3200,0,3600,0,0,3600,910,0,500,0,5010,3600,0,0,0,0,0,0,0,150,0,150,0,0,0,9000,9150,0,0,0,0,0,20960,1198055428,"Skaramagas",38.0048,23.5891,13949,"Skaramagas","Manual"
187499441,70699,"2016-04-22","2016-04-28",0,0,0,9189,9189,0,0,0,0,4252,0,0,0,0,2320,200,1400,464,433,4817,2320,0,0,120,0,0,0,120,0,0,0,120,0,0,0,0,0,0,0,0,0,9189,461396992,"Diavata",40.7,22.86,13838,"Diavata","Manual"
194495712,70699,"2016-01-09","2016-01-15",0,0,0,535,535,0,166,0,0,0,152,166,98,0,0,0,0,40,0,138,98,0,0,0,0,0,0,0,0,0,0,0,0,0,0,152,0,0,0,0,0,456,1094663034,"Chios",38.38333,26.11667,13910,"Hellenic Red Cross","Manual"
197929297,70699,"2016-05-06","2016-05-12",43,3,100,146,0,0,0,0,0,0,0,0,0,0,0,0,0,96,0,96,0,0,0,50,0,0,0,50,0,50,50,50,0,0,0,50,0,0,0,0,0,196,519440442,"Samos",37.75,26.83333,13753,"Samos","Manual"
217651579,70699,"2015-10-01","2015-12-25",3209,932,714,4855,0,1428,148,0,0,2074,3271,1576,850,0,0,0,0,430,0,1280,850,443,173,0,0,0,0,616,0,0,0,616,0,0,0,3271,0,0,0,0,0,8817,519440442,"Samos",37.75,26.83333,13753,"Samos","Manual"
230823863,70699,"2016-03-10","2016-03-17",1635,1192,886,3713,0,0,3006,0,0,6240,0,3006,0,0,1800,580,0,0,0,2380,1800,0,0,720,0,0,0,720,0,780,780,720,0,0,0,780,0,0,0,0,0,13126,2025732386,"Athens",37.96667,23.71667,13761,"Athens","Manual"
242620668,70699,"2016-06-03","2016-06-09",0,0,0,8555,8555,0,0,2208,0,4222,0,2208,0,0,0,0,0,0,2066,2066,0,0,0,0,0,0,0,0,0,0,0,0,0,0,226,226,0,0,0,0,0,8722,1159912091,"Kordelio",40.6621,22.8956,13910,"Hellenic Red Cross","Manual"
248765111,70699,"2015-12-26","2016-01-01",823,553,962,2338,0,432,0,0,0,0,600,432,250,0,0,0,0,144,0,394,250,250,200,0,0,229,0,679,0,0,0,450,229,0,4349,4949,0,0,0,0,0,6454,755114467,"Lesvos",39.1,26.55,13752,"Lesbos","Manual"
281538053,70699,"2016-06-03","2016-06-09",0,0,0,0,0,0,0,0,0,0,0,0,0,0,0,0,0,0,0,0,0,0,0,0,0,0,0,0,0,0,0,0,0,0,0,0,0,0,0,0,0,0,2025732386,"Athens",37.96667,23.71667,13761,"Athens","Manual"
282219954,70699,"2016-05-06","2016-05-12",0,0,0,0,0,0,0,0,0,0,0,0,0,0,0,0,0,0,0,0,0,0,0,0,0,0,0,0,0,0,0,0,0,0,0,0,0,0,0,0,0,0,569080712,"Kos",36.85,27.23333,13759,"Kos","Manual"
282753492,70699,"2015-10-01","2015-12-25",0,0,0,0,0,0,0,0,0,0,242,0,0,0,0,0,0,0,0,0,0,0,0,0,0,0,0,0,0,0,0,0,0,0,0,242,0,0,0,0,0,242,721508707,"Crete",35.21,24.91,13910,"Hellenic Red Cross","Manual"
301514185,70699,"2016-06-17","2016-06-23",0,0,0,0,0,0,0,0,0,0,0,0,0,0,0,0,0,0,0,0,0,0,0,0,0,0,0,0,0,0,0,0,0,0,0,0,0,0,0,0,0,0,1116080926,"Oraiokastro",40.729,22.9105,13910,"Hellenic Red Cross","Manual"
305968361,70699,"2016-03-25","2016-03-31",0,0,0,0,0,0,0,0,0,0,0,0,0,0,0,0,0,0,0,0,0,0,0,0,0,0,0,0,0,0,0,0,0,0,0,0,0,0,0,0,0,0,519440442,"Samos",37.75,26.83333,13753,"Samos","Manual"
322525303,70699,"2016-01-30","2016-02-04",0,0,0,79,79,0,0,0,0,0,0,0,0,0,0,0,0,0,0,0,0,0,0,39,0,0,0,39,0,0,0,39,0,0,0,0,0,0,0,0,0,39,1094663034,"Chios",38.38333,26.11667,13910,"Hellenic Red Cross","Manual"
329176716,70699,"2016-04-08","2016-04-14",1840,1456,1489,4785,0,0,2300,0,0,8800,0,2300,0,0,1000,110,0,0,180,1290,1000,0,0,0,0,0,0,0,0,300,300,0,0,0,0,300,0,0,0,0,0,12690,2025732386,"Athens",37.96667,23.71667,13761,"Athens","Manual"
333593658,70699,"2016-01-23","2016-01-29",195,28,7,230,0,27,211,0,0,473,0,238,27,0,215,0,206,4,0,452,242,0,0,0,124,0,0,124,0,224,224,124,0,0,287,511,0,0,0,0,0,1798,569080712,"Kos",36.85,27.23333,13759,"Kos","Manual"
335368700,70699,"2016-06-03","2016-06-09",0,0,0,0,0,0,0,596,0,1192,0,596,0,0,0,0,197,0,0,197,0,0,0,0,0,0,0,0,0,0,0,0,0,0,1466,1466,0,0,0,0,0,3451,2141418389,"Ritsona",38.39,23.5,13840,"Ritsona","Manual"
336816728,70699,"2016-03-03","2016-03-10",105,15,15,135,0,23,115,0,0,328,0,138,0,0,118,14,115,3,0,250,118,0,0,2,0,0,0,2,0,115,115,2,0,0,0,115,0,0,0,0,0,833,569080712,"Kos",36.85,27.23333,13759,"Kos","Manual"
340432363,70699,"2016-02-12","2016-02-18",293,7,0,300,0,0,0,0,0,0,200,0,0,200,100,0,0,0,0,300,300,0,0,0,0,0,0,0,0,0,0,0,0,0,0,200,0,0,0,0,0,500,2025732386,"Athens",37.96667,23.71667,13761,"Athens","Manual"
341165609,70699,"2016-05-27","2016-06-02",0,0,0,7376,7376,0,0,0,0,7376,0,0,0,0,0,0,0,0,0,0,0,0,0,0,0,0,0,0,0,0,0,0,0,0,0,0,0,0,0,0,0,7376,1159912091,"Kordelio",40.6621,22.8956,13910,"Hellenic Red Cross","Manual"
382787391,70699,"2016-04-15","2016-04-21",1900,1292,1075,4267,0,0,2800,0,0,6800,0,2800,0,0,500,30,0,0,60,590,500,0,0,0,0,0,0,0,150,0,150,0,0,0,0,150,0,0,0,0,0,10340,2025732386,"Athens",37.96667,23.71667,13761,"Athens","Manual"
406728310,70699,"2016-04-15","2016-04-21",0,0,0,0,0,0,0,0,0,0,0,0,0,0,0,0,0,0,0,0,0,0,0,0,0,0,0,0,0,0,0,0,0,0,0,0,0,0,0,0,0,0,569080712,"Kos",36.85,27.23333,13759,"Kos","Manual"
416114671,70699,"2016-04-01","2016-04-07",0,0,0,5884,5884,0,0,0,0,1116,0,0,0,0,2400,105,473,250,292,3520,2400,0,0,840,0,0,0,840,0,408,408,840,0,0,0,408,0,0,0,0,0,5884,461396992,"Diavata",40.7,22.86,13838,"Diavata","Manual"
417771437,70699,"2016-02-05","2016-02-11",135,93,44,272,0,0,240,0,0,540,0,240,0,0,96,2,50,32,0,180,96,0,0,0,0,0,0,0,0,200,200,0,0,0,0,200,0,0,0,0,0,1160,519440442,"Samos",37.75,26.83333,13753,"Samos","Manual"
425787822,70699,"2016-04-08","2016-04-14",235,256,214,705,0,0,503,0,0,1045,0,503,0,0,126,0,0,14,90,230,126,0,0,269,0,0,0,269,360,0,360,269,0,0,0,360,0,0,0,0,0,2407,755114467,"Lesvos",39.1,26.55,13752,"Lesbos","Manual"
465490944,70699,"2015-12-26","2016-01-01",0,0,0,7526,7526,0,2560,0,0,4000,0,2560,0,0,0,0,0,139,0,139,0,0,0,0,696,0,0,696,0,0,0,696,0,0,0,0,0,0,0,0,0,7395,1537547328,"Idomeni",41.1265,22.518,13760,"Idomeni","Manual"
468585246,70699,"2016-03-25","2016-03-31",2645,2440,2116,7201,0,0,4200,0,0,14000,0,4200,0,0,1500,480,0,0,0,1980,1500,0,0,900,0,0,0,900,0,600,600,900,0,0,0,600,0,0,0,0,0,21680,2025732386,"Athens",37.96667,23.71667,13761,"Athens","Manual"
491745475,70699,"2016-03-11","2016-03-17",1057,837,859,2753,0,0,2056,0,0,3677,0,2056,0,0,351,186,352,32,230,1151,351,0,0,705,0,0,0,705,2049,0,2049,705,0,0,0,2049,0,0,0,0,0,9638,755114467,"Lesvos",39.1,26.55,13752,"Lesbos","Manual"
498119025,70699,"2015-10-01","2015-12-25",3088,420,659,4167,0,2090,510,0,0,2938,3045,2600,1045,0,0,0,0,242,0,1287,1045,723,274,56,0,0,0,1053,0,0,0,1053,0,0,3893,6938,0,0,0,0,0,14816,569080712,"Kos",36.85,27.23333,13759,"Kos","Manual"
534566995,70699,"2016-06-10","2016-06-16",178,275,42,495,0,0,0,495,0,1016,0,495,0,0,502,0,324,0,0,826,502,0,0,0,0,0,0,0,0,0,0,0,0,0,121,121,0,0,0,0,0,2458,2141418389,"Ritsona",38.39,23.5,13840,"Ritsona","Manual"
544213854,70699,"2016-01-16","2016-01-22",0,0,0,245,245,0,77,0,0,490,88,77,48,0,0,0,0,22,0,70,48,0,0,0,0,0,0,0,0,0,0,0,0,0,0,88,0,0,0,0,0,725,1094663034,"Chios",38.38333,26.11667,13910,"Hellenic Red Cross","Manual"
547156156,70699,"2016-03-11","2016-03-17",0,0,0,30094,30094,0,2535,0,0,4760,0,2535,575,0,100,180,0,120,198,1173,675,0,600,752,0,0,0,1352,19394,880,20274,1352,0,0,0,20274,0,0,0,0,0,30094,1537547328,"Idomeni",41.1265,22.518,13760,"Idomeni","Manual"
551683186,70699,"2016-05-06","2016-05-12",0,0,0,2880,2880,0,0,2880,0,5760,0,2880,0,0,2880,468,0,300,0,3648,2880,0,0,0,0,0,0,0,0,0,0,0,0,0,5000,5000,0,0,0,0,0,17288,1198055428,"Skaramagas",38.0048,23.5891,13949,"Skaramagas","Manual"
560796903,70699,"2016-02-19","2016-02-25",847,520,303,1670,0,0,1000,0,0,4000,0,1000,0,0,0,0,0,314,0,314,0,0,0,0,0,0,0,0,0,200,200,0,0,0,0,200,0,0,0,0,0,5514,2025732386,"Athens",37.96667,23.71667,13761,"Athens","Manual"
571996351,70699,"2016-04-29","2016-05-05",0,0,0,0,0,0,0,0,0,0,0,0,0,0,0,0,0,0,0,0,0,0,0,0,0,0,0,0,0,0,0,0,0,0,0,0,0,0,0,0,0,0,1094663034,"Chios",38.38333,26.11667,13754,"Chios","Manual"
595898589,70699,"2016-05-20","2016-05-26",698,502,125,1325,0,0,1200,0,0,2400,0,1200,0,0,1200,0,0,0,0,1200,1200,0,0,361,0,0,0,361,1200,0,1200,361,0,0,0,1200,0,0,0,0,0,6361,755114467,"Lesvos",39.1,26.55,13752,"Lesbos","Manual"
603993369,70699,"2016-03-03","2016-03-10",23,17,4,44,0,0,42,0,0,88,0,42,0,0,16,0,0,2,168,186,16,0,0,0,0,0,0,0,0,29,29,0,0,0,0,29,0,0,0,0,0,345,519440442,"Samos",37.75,26.83333,13753,"Samos","Manual"
621822224,70699,"2016-06-10","2016-06-16",0,0,0,0,0,0,0,0,0,0,0,0,0,0,0,0,0,0,0,0,0,0,0,0,0,0,0,0,0,0,0,0,0,0,454,454,0,0,0,0,0,454,569257762,"Cherso",41.09591,22.7691697,13837,"Cherso","Manual"
636895103,70699,"2016-03-18","2016-03-24",82,67,17,166,0,0,156,0,0,0,0,156,0,0,72,24,100,10,0,206,72,0,0,0,0,0,0,0,0,112,112,0,0,0,0,112,0,0,0,0,0,474,519440442,"Samos",37.75,26.83333,13753,"Samos","Manual"
653007184,70699,"2016-06-03","2016-06-09",0,0,0,14,14,0,10,0,0,0,0,10,0,0,14,0,0,4,0,18,14,0,0,0,10,0,0,10,0,14,14,10,0,0,0,14,0,0,0,0,0,52,519440442,"Samos",37.75,26.83333,13753,"Samos","Manual"
674632431,70699,"2016-06-10","2016-06-16",0,0,0,3752,3752,0,0,0,0,0,3752,0,0,0,0,0,0,1000,2750,3750,0,0,0,0,0,0,0,0,1020,0,1020,0,0,0,1022,5794,0,0,0,0,0,9544,354452122,"Nea Kavala",40.99,22.62,13839,"Nea Kavala","Manual"
714211285,70699,"2016-02-19","2016-02-25",0,0,0,12804,12804,0,3144,0,0,5278,0,3144,0,0,284,47,650,712,80,1773,284,0,0,341,1788,0,0,2129,0,560,560,2129,0,0,0,560,0,0,0,0,0,12884,1537547328,"Idomeni",41.1265,22.518,13760,"Idomeni","Manual"
715850583,70699,"2016-02-05","2016-02-11",139,22,44,205,0,23,131,0,0,380,0,154,20,0,150,0,140,8,0,318,170,0,0,136,0,0,0,136,0,157,157,136,0,0,358,515,0,0,0,0,0,1503,569080712,"Kos",36.85,27.23333,13759,"Kos","Manual"
735292855,70699,"2016-03-25","2016-03-31",0,0,0,23524,23524,0,1700,0,0,0,0,1700,0,0,1068,291,1200,0,0,2559,1068,0,0,853,0,100,0,953,0,1400,1400,853,100,0,18862,20262,0,0,0,0,0,25474,1537547328,"Idomeni",41.1265,22.518,13760,"Idomeni","Manual"
742422066,70699,"2016-02-05","2016-02-11",0,0,0,16031,16031,0,5706,0,0,3740,0,5706,0,0,1704,94,1103,278,623,3802,1704,0,0,99,332,308,0,739,2044,0,2044,431,308,0,0,2044,0,0,0,0,0,16031,1537547328,"Idomeni",41.1265,22.518,13760,"Idomeni","Manual"
744890301,70699,"2016-04-15","2016-04-21",36,39,89,164,0,0,0,0,0,0,0,0,0,0,0,0,0,89,0,89,0,0,0,0,0,0,0,0,10,0,10,0,0,0,0,10,0,0,0,0,0,99,755114467,"Lesvos",39.1,26.55,13752,"Lesbos","Manual"
751032865,70699,"2016-04-15","2016-04-21",0,0,0,0,0,0,0,0,0,0,0,0,0,0,0,0,0,0,0,0,0,0,0,0,0,0,0,0,0,0,0,0,0,0,0,0,0,0,0,0,0,0,519440442,"Samos",37.75,26.83333,13753,"Samos","Manual"
759945792,70699,"2016-03-18","2016-03-24",0,0,0,16288,16288,0,0,0,0,10584,0,0,0,0,1702,250,840,432,0,3224,1702,0,0,1320,280,0,0,1600,0,880,880,1600,0,0,0,880,0,0,0,0,0,16288,461396992,"Diavata",40.7,22.86,13838,"Diavata","Manual"
794612879,70699,"2016-01-23","2016-01-29",985,745,525,2255,0,0,1610,0,0,3236,0,1610,0,0,1184,121,123,10,0,1438,1184,0,0,764,0,0,0,764,1633,0,1633,764,0,0,714,2347,0,0,0,0,0,9395,755114467,"Lesvos",39.1,26.55,13752,"Lesbos","Manual"
801409377,70699,"2016-05-20","2016-05-26",25,23,0,48,0,0,8,0,0,0,0,8,0,0,24,0,0,0,0,24,24,0,0,0,30,0,0,30,0,0,0,30,0,0,0,0,0,0,0,0,0,62,519440442,"Samos",37.75,26.83333,13753,"Samos","Manual"
842478535,70699,"2016-01-23","2016-01-29",0,0,0,207,207,0,63,0,0,0,46,63,59,0,0,0,0,13,0,72,59,0,0,0,0,0,0,0,0,0,0,0,0,0,0,46,0,0,0,0,0,181,1094663034,"Chios",38.38333,26.11667,13910,"Hellenic Red Cross","Manual"
901572251,70699,"2016-01-23","2016-01-29",338,208,55,601,0,0,560,0,0,972,0,560,0,0,48,7,100,41,0,196,48,0,0,15,0,0,0,15,0,320,320,15,0,50,0,370,0,0,0,0,0,2113,519440442,"Samos",37.75,26.83333,13753,"Samos","Manual"
917885870,70699,"2015-12-26","2016-01-01",240,130,57,427,0,144,0,0,0,0,240,144,130,0,0,0,0,40,0,170,130,105,105,0,0,0,0,210,0,0,0,210,0,0,0,240,0,0,0,0,0,764,519440442,"Samos",37.75,26.83333,13753,"Samos","Manual"
922080587,70699,"2016-04-22","2016-04-28",0,0,0,0,0,0,0,0,0,0,0,0,0,0,0,0,0,0,0,0,0,0,0,0,0,0,0,0,0,0,0,0,0,0,0,0,0,0,0,0,0,0,519440442,"Samos",37.75,26.83333,13753,"Samos","Manual"
930051306,70699,"2016-02-19","2016-02-25",171,129,68,368,0,0,226,0,0,96,0,226,0,0,165,0,0,0,0,165,165,0,0,0,0,0,0,0,0,0,0,0,0,0,0,0,0,0,0,0,0,487,1094663034,"Chios",38.38333,26.11667,13754,"Chios","Manual"
938165588,70699,"2016-04-15","2016-04-21",0,0,0,0,0,0,0,0,0,0,0,0,0,0,0,0,0,0,0,0,0,0,0,0,0,0,0,0,0,0,0,0,0,0,0,0,0,0,0,0,0,0,1094663034,"Chios",38.38333,26.11667,13754,"Chios","Manual"
958734189,70699,"2016-05-13","2016-05-19",49,35,12,96,0,0,0,0,0,0,0,0,0,0,48,0,0,0,0,48,48,0,0,0,0,0,0,0,0,0,0,0,0,0,0,0,0,0,0,0,0,48,519440442,"Samos",37.75,26.83333,13753,"Samos","Manual"
962928511,70699,"2016-03-03","2016-03-10",0,0,0,25635,25635,0,3565,0,0,9300,0,3565,800,0,1022,230,700,214,80,3046,1822,100,802,448,6408,400,266,8424,0,1300,1300,7758,666,0,0,1300,0,0,0,0,0,25635,1537547328,"Idomeni",41.1265,22.518,13760,"Idomeni","Manual"
975804869,70699,"2016-06-17","2016-06-23",0,0,0,577,577,0,0,0,0,0,0,0,0,0,199,0,0,0,0,199,199,0,0,0,0,0,0,0,0,0,0,0,0,0,0,0,0,0,0,0,0,199,1198055428,"Skaramagas",38.0048,23.5891,13949,"Skaramagas","Manual"
995312670,70699,"2016-06-03","2016-06-09",0,0,0,0,0,0,0,0,0,0,0,0,0,0,0,0,0,0,0,0,0,0,0,0,0,0,0,0,0,0,0,0,0,0,0,0,0,0,0,0,0,0,354452122,"Nea Kavala",40.99,22.62,13839,"Nea Kavala","Manual"
1016679219,70699,"2016-01-09","2016-01-15",81,63,36,180,0,0,0,0,0,360,0,0,0,0,80,0,0,0,0,80,80,0,0,180,0,0,0,180,0,180,180,180,0,0,0,180,0,0,0,0,0,800,2025732386,"Athens",37.96667,23.71667,13761,"Athens","Manual"
1016965017,70699,"2016-05-27","2016-06-02",0,0,0,0,0,0,0,0,0,0,0,0,0,0,0,0,0,0,0,0,0,0,0,0,0,0,0,0,0,0,0,0,0,0,0,0,0,0,0,0,0,0,2025732386,"Athens",37.96667,23.71667,13761,"Athens","Manual"
1058594084,70699,"2016-01-02","2016-01-08",0,0,0,4978,4978,0,1164,0,0,2856,0,1164,0,0,0,0,0,80,124,204,0,0,0,0,452,302,0,754,0,0,0,452,302,0,0,0,0,0,0,0,0,4978,1537547328,"Idomeni",41.1265,22.518,13760,"Idomeni","Manual"
1059172659,70699,"2016-03-10","2016-03-17",892,872,7,1771,0,0,910,0,0,0,80,910,51,0,0,0,0,1,0,52,51,0,0,0,0,0,0,0,224,0,224,0,0,0,0,304,0,0,0,0,0,1266,1094663034,"Chios",38.38333,26.11667,13754,"Chios","Manual"
1082743869,70699,"2016-04-01","2016-04-07",0,0,0,0,0,0,0,0,0,0,0,0,0,0,0,0,0,0,0,0,0,0,0,0,0,0,0,0,0,0,0,0,0,0,0,0,0,0,0,0,0,0,519440442,"Samos",37.75,26.83333,13753,"Samos","Manual"
1120848799,70699,"2015-10-01","2015-12-25",4225,1256,330,5811,0,0,3200,0,0,6000,717,3200,452,556,0,0,0,242,0,1250,1008,200,0,3300,0,0,0,3500,0,0,0,3500,0,0,0,717,0,0,0,0,0,14667,2025732386,"Athens",37.96667,23.71667,13761,"Athens","Manual"
1136330244,70699,"2016-06-03","2016-06-09",0,0,0,3194,3194,0,0,0,0,0,0,0,0,0,1200,0,0,302,500,2002,1200,0,0,0,0,0,0,0,0,0,0,0,0,0,1192,1192,0,0,0,0,0,3194,461396992,"Diavata",40.7,22.86,13838,"Diavata","Manual"
1146488770,70699,"2016-04-01","2016-04-07",0,0,0,0,0,0,0,0,0,0,0,0,0,0,0,0,0,0,0,0,0,0,0,0,0,0,0,0,0,0,0,0,0,0,0,0,0,0,0,0,0,0,569080712,"Kos",36.85,27.23333,13759,"Kos","Manual"
1168850467,70699,"2015-10-01","2015-12-25",4796,2345,3519,10660,0,6770,0,769,411,0,3399,7950,4343,3603,0,0,0,2535,0,10481,7946,607,316,0,0,4907,0,5830,0,1898,1898,923,4907,0,28626,33923,0,0,0,0,0,58184,755114467,"Lesvos",39.1,26.55,13752,"Lesbos","Manual"
1198939059,70699,"2016-02-12","2016-02-18",218,147,93,458,0,0,400,0,0,900,0,400,20,72,72,40,0,46,0,250,164,0,0,169,0,0,0,169,400,0,400,169,0,50,30,480,0,0,0,0,0,2199,755114467,"Lesvos",39.1,26.55,13752,"Lesbos","Manual"
1223925788,70699,"2016-05-13","2016-05-19",0,0,0,0,0,0,0,0,0,0,0,0,0,0,0,0,0,0,0,0,0,0,0,0,0,0,0,0,0,0,0,0,0,0,0,0,0,0,0,0,0,0,1094663034,"Chios",38.38333,26.11667,13754,"Chios","Manual"
1223981438,70699,"2016-01-16","2016-01-22",0,0,0,8458,8458,0,2956,0,0,3422,0,2956,0,110,380,75,47,60,64,736,490,0,0,0,500,323,0,823,521,0,521,500,323,0,0,521,0,0,0,0,0,8458,1537547328,"Idomeni",41.1265,22.518,13910,"Hellenic Red Cross","Manual"
1234105702,70699,"2016-04-29","2016-05-05",0,0,0,2532,2532,0,0,0,0,0,0,0,150,152,0,100,2000,127,0,2529,302,0,0,0,0,0,0,0,0,0,0,0,0,0,3,3,0,0,0,0,0,2532,461396992,"Diavata",40.7,22.86,13838,"Diavata","Manual"
1235522531,70699,"2016-04-08","2016-04-14",0,0,0,0,0,0,0,0,0,0,0,0,0,0,0,0,0,0,0,0,0,0,0,0,0,0,0,0,0,0,0,0,0,0,0,0,0,0,0,0,0,0,569080712,"Kos",36.85,27.23333,13759,"Kos","Manual"
1236044138,70699,"2016-05-20","2016-05-26",0,0,0,0,0,0,0,0,0,0,0,0,0,0,0,0,0,0,0,0,0,0,0,0,0,0,0,0,0,0,0,0,0,0,0,0,0,0,0,0,0,0,569080712,"Kos",36.85,27.23333,13759,"Kos","Manual"
1242042243,70699,"2016-04-15","2016-04-21",0,0,0,9755,9755,0,2437,0,0,3024,0,2437,0,0,1344,580,860,750,132,3666,1344,0,0,0,0,0,0,0,628,0,628,0,0,0,0,628,0,0,0,0,0,9755,1537547328,"Idomeni",41.1265,22.518,13760,"Idomeni","Manual"
1250101400,70699,"2016-06-03","2016-06-09",0,0,0,5048,5048,0,5048,0,0,0,0,5048,0,0,0,0,0,0,0,0,0,0,0,0,0,0,0,0,0,0,0,0,0,0,0,0,0,0,0,0,0,5048,755114467,"Lesvos",39.1,26.55,13752,"Lesbos","Manual"
1302696856,70699,"2016-04-22","2016-04-28",0,0,0,0,0,0,0,0,0,0,0,0,0,0,0,0,0,0,0,0,0,0,0,0,0,0,0,0,0,0,0,0,0,0,0,0,0,0,0,0,0,0,569080712,"Kos",36.85,27.23333,13759,"Kos","Manual"
1315057601,70699,"2016-01-30","2016-02-04",0,0,0,14774,14774,0,4186,0,0,7479,0,4186,0,0,960,152,610,181,170,2073,960,0,0,40,196,0,0,236,800,0,800,236,0,0,0,800,0,0,0,0,0,14774,1537547328,"Idomeni",41.1265,22.518,13910,"Hellenic Red Cross","Manual"
1324762906,70699,"2016-05-27","2016-06-02",0,0,0,0,0,0,0,0,0,0,0,0,0,0,0,0,0,0,0,0,0,0,0,0,0,0,0,0,0,0,0,0,0,0,0,0,0,0,0,0,0,0,569080712,"Kos",36.85,27.23333,13759,"Kos","Manual"
1339464782,70699,"2016-05-06","2016-05-12",725,701,289,1715,0,0,1200,0,0,2405,0,1200,0,0,1189,0,0,0,0,1189,1189,0,0,160,0,0,0,160,1267,0,1267,160,0,0,0,1267,0,0,0,0,0,6221,755114467,"Lesvos",39.1,26.55,13752,"Lesbos","Manual"
1346076543,70699,"2016-04-08","2016-04-14",0,0,0,0,0,0,0,0,0,0,0,0,0,0,0,0,0,0,0,0,0,0,0,0,0,0,0,0,0,0,0,0,0,0,0,0,0,0,0,0,0,0,519440442,"Samos",37.75,26.83333,13753,"Samos","Manual"
1346805259,70699,"2016-03-25","2016-03-31",0,0,0,3579,3579,0,0,0,0,0,0,0,0,0,1128,0,600,271,0,1999,1128,0,0,0,0,0,0,0,120,0,120,0,0,0,0,120,0,0,0,0,0,2119,461396992,"Diavata",40.7,22.86,13838,"Diavata","Manual"
1357296110,70699,"2016-01-16","2016-01-22",372,178,65,615,0,0,558,0,0,372,0,558,0,0,232,121,150,57,0,560,232,0,0,45,460,0,0,505,0,297,297,505,0,25,0,322,0,0,0,0,0,2317,519440442,"Samos",37.75,26.83333,13753,"Samos","Manual"
1373265913,70699,"2016-01-09","2016-01-15",246,70,113,429,0,66,209,0,0,427,0,275,67,254,0,0,203,17,0,541,321,7,0,86,0,0,0,93,0,197,197,93,0,0,200,397,0,0,0,0,0,1733,569080712,"Kos",36.85,27.23333,13759,"Kos","Manual"
1388572683,70699,"2016-03-18","2016-03-24",163,2,2,167,0,38,36,0,0,743,0,74,0,0,108,0,43,0,0,151,108,0,0,0,10,0,0,10,0,45,45,10,0,0,100,145,0,0,0,0,0,1123,569080712,"Kos",36.85,27.23333,13759,"Kos","Manual"
1400343098,70699,"2016-01-23","2016-01-29",271,12,0,283,0,0,0,283,0,283,0,283,0,0,283,0,0,0,0,283,283,0,0,283,0,0,0,283,0,283,283,283,0,0,241,524,0,0,0,0,0,1656,2025732386,"Athens",37.96667,23.71667,13761,"Athens","Manual"
1400592102,70699,"2016-06-17","2016-06-23",0,0,0,400,400,0,400,0,0,0,0,400,0,0,0,0,0,0,0,0,0,0,0,0,0,0,0,0,200,0,200,0,0,0,0,200,0,1196,0,0,1196,1796,461396992,"Diavata",40.7,22.86,13838,"Diavata","Manual"
1409287004,70699,"2016-03-18","2016-03-24",607,503,412,1522,0,0,1102,0,0,1555,0,1102,0,0,108,80,250,35,375,848,108,0,0,152,0,0,0,152,1093,0,1093,152,0,0,0,1093,0,0,0,0,0,4750,755114467,"Lesvos",39.1,26.55,13752,"Lesbos","Manual"
1414571943,70699,"2016-02-19","2016-02-25",46,21,34,101,0,34,86,0,0,282,0,120,24,0,92,0,92,9,0,217,116,0,0,0,36,0,0,36,0,92,92,36,0,0,0,92,0,0,0,0,0,747,569080712,"Kos",36.85,27.23333,13759,"Kos","Manual"
1433894493,70699,"2016-02-19","2016-02-25",560,326,150,1036,0,0,540,0,0,1104,0,540,0,0,151,0,170,36,80,437,151,0,0,0,0,0,0,0,0,423,423,0,0,0,0,423,0,0,0,0,0,2504,519440442,"Samos",37.75,26.83333,13753,"Samos","Manual"
1443221552,70699,"2016-01-02","2016-01-08",168,30,5,203,0,30,99,0,0,120,0,129,30,0,0,0,0,5,0,35,30,0,0,15,0,0,0,15,0,0,0,15,0,0,170,170,0,0,0,0,0,469,569080712,"Kos",36.85,27.23333,13759,"Kos","Manual"
1445005763,70699,"2016-02-26","2016-03-03",113,67,32,212,0,0,180,0,0,0,0,180,0,0,0,0,132,32,0,164,0,84,84,90,0,0,0,258,0,200,200,258,0,0,0,200,0,0,0,0,0,802,519440442,"Samos",37.75,26.83333,13753,"Samos","Manual"
1462261371,70699,"2016-02-12","2016-02-18",48,27,14,89,0,0,0,0,0,0,0,0,0,0,41,2,48,7,129,227,41,0,0,0,0,0,0,0,0,46,46,0,0,0,0,46,0,0,0,0,0,273,519440442,"Samos",37.75,26.83333,13753,"Samos","Manual"
1475447399,70699,"2016-01-23","2016-01-29",0,0,0,11924,11924,0,2900,0,0,4517,0,2900,0,560,868,100,150,152,160,1990,1428,0,0,480,9,0,0,489,1475,0,1475,489,0,0,555,2030,0,0,0,0,0,11926,1537547328,"Idomeni",41.1265,22.518,13910,"Hellenic Red Cross","Manual"
1486140701,70699,"2016-05-27","2016-06-02",0,0,0,0,0,0,0,549,0,1098,0,549,0,0,549,0,188,51,0,788,549,0,0,0,0,0,0,0,0,210,210,0,0,0,0,210,0,0,0,0,0,2645,2141418389,"Ritsona",38.39,23.5,13840,"Ritsona","Manual"
1498173965,70699,"2016-05-06","2016-05-12",0,0,0,3712,3712,0,0,141,0,1512,0,141,100,152,0,100,0,100,1040,1492,252,0,0,0,0,0,0,0,0,0,0,0,0,0,567,567,0,0,0,0,0,3712,461396992,"Diavata",40.7,22.86,13838,"Diavata","Manual"
1505299642,70699,"2016-03-25","2016-03-31",0,0,0,0,0,0,0,0,0,0,0,0,0,0,0,0,0,0,0,0,0,0,0,0,0,0,0,0,0,0,0,0,0,0,0,0,0,0,0,0,0,0,569080712,"Kos",36.85,27.23333,13759,"Kos","Manual"
1507903209,70699,"2016-04-22","2016-04-28",0,0,0,18334,18334,0,2308,0,0,5600,0,2308,0,0,1353,120,600,400,0,2473,1353,0,0,0,0,0,0,0,400,0,400,0,0,0,7553,7953,0,0,0,0,0,18334,1537547328,"Idomeni",41.1265,22.518,13760,"Idomeni","Manual"
1512889322,70699,"2016-04-15","2016-04-21",0,0,0,9386,9386,0,0,0,0,4536,0,0,0,0,1380,480,800,0,990,3650,1380,0,0,1200,0,0,0,1200,0,0,0,1200,0,0,0,0,0,0,0,0,0,9386,461396992,"Diavata",40.7,22.86,13838,"Diavata","Manual"
1525693555,70699,"2016-05-13","2016-05-19",0,0,0,0,0,0,0,541,0,1180,0,541,0,0,541,0,0,49,120,710,541,0,0,0,0,0,0,0,0,0,0,0,0,0,0,0,0,0,0,0,0,2431,2141418389,"Ritsona",38.39,23.5,13840,"Ritsona","Manual"
1529190773,70699,"2016-01-16","2016-01-22",357,16,6,379,0,0,0,379,0,379,0,379,0,0,0,0,0,0,0,0,0,0,0,379,0,0,0,379,0,379,379,379,0,0,0,379,0,0,0,0,0,1516,2025732386,"Athens",37.96667,23.71667,13761,"Athens","Manual"
1537920803,70699,"2016-01-30","2016-02-04",483,85,38,606,0,0,161,0,0,1361,0,161,0,0,161,0,0,0,0,161,161,500,0,661,0,0,0,1161,0,161,161,1161,0,0,0,161,0,0,0,0,0,3005,2025732386,"Athens",37.96667,23.71667,13761,"Athens","Manual"
1544773892,70699,"2016-03-25","2016-03-31",0,0,0,0,0,0,0,0,0,0,0,0,0,0,0,0,0,0,0,0,0,0,0,0,0,0,0,0,0,0,0,0,0,0,0,0,0,0,0,0,0,0,1094663034,"Chios",38.38333,26.11667,13754,"Chios","Manual"
1580513719,70699,"2016-06-10","2016-06-16",0,0,0,4452,4452,0,0,4452,0,1512,0,4452,0,0,0,0,0,0,0,0,0,0,0,0,0,0,0,0,0,0,0,0,0,0,0,0,0,0,0,0,0,5964,755114467,"Lesvos",39.1,26.55,13752,"Lesbos","Manual"
1591132360,70699,"2016-05-20","2016-05-26",0,0,0,0,0,0,0,543,0,1192,0,543,0,0,0,0,197,51,0,248,0,0,0,0,0,0,0,0,0,0,0,0,0,0,0,0,0,0,0,0,0,1983,2141418389,"Ritsona",38.39,23.5,13840,"Ritsona","Manual"
1592070231,70699,"2016-02-05","2016-02-11",20,12,115,147,0,0,60,0,0,0,16,60,38,0,0,0,0,20,0,58,38,0,0,0,0,0,0,0,0,0,0,0,0,0,0,16,0,0,0,0,0,134,1094663034,"Chios",38.38333,26.11667,13754,"Chios","Manual"
1602277678,70699,"2016-02-12","2016-02-18",0,0,0,4172,4172,0,936,0,0,1680,0,936,0,0,308,25,300,42,126,801,308,0,0,0,155,0,0,155,600,0,600,155,0,0,0,600,0,0,0,0,0,4172,1537547328,"Idomeni",41.1265,22.518,13760,"Idomeni","Manual"
1634258833,70699,"2016-05-27","2016-06-02",0,0,0,4013,4013,0,0,0,0,0,3304,0,0,0,0,2007,2000,512,840,5359,0,0,0,0,0,0,0,0,1480,0,1480,0,0,0,0,4784,0,0,0,0,0,10143,354452122,"Nea Kavala",40.99,22.62,13839,"Nea Kavala","Manual"
1637097929,70699,"2016-05-20","2016-05-26",0,0,0,7721,7721,0,0,90,0,1704,0,90,0,0,2188,100,1797,0,800,4885,2188,0,0,0,0,0,0,0,0,0,0,0,0,0,1042,1042,0,0,0,0,0,7721,461396992,"Diavata",40.7,22.86,13838,"Diavata","Manual"
1639256603,70699,"2016-02-26","2016-03-03",1329,1201,1238,3768,0,0,2827,0,0,4944,0,2827,0,209,1341,205,1661,227,0,3643,1550,0,0,1892,0,0,0,1892,2777,0,2777,1892,0,0,30,2807,0,0,0,0,0,16113,755114467,"Lesvos",39.1,26.55,13752,"Lesbos","Manual"
1644371045,70699,"2016-03-25","2016-03-31",40,29,17,86,0,0,69,0,0,152,0,69,0,0,0,0,0,1,0,1,0,0,0,0,0,0,0,0,20,0,20,0,0,0,0,20,0,0,0,0,0,242,755114467,"Lesvos",39.1,26.55,13752,"Lesbos","Manual"
1646327614,70699,"2016-02-24","2016-02-25",0,0,0,3652,3652,0,0,0,0,200,0,0,0,0,1840,0,1200,212,200,3452,1840,0,0,0,0,0,0,0,0,0,0,0,0,0,0,0,0,0,0,0,0,3652,461396992,"Diavata",40.7,22.86,13838,"Diavata","Manual"
1651204585,70699,"2016-04-08","2016-04-14",0,0,0,7187,7187,0,0,0,0,2764,0,0,0,0,2240,272,1200,266,335,4313,2240,0,0,120,0,0,0,120,0,0,0,120,0,0,0,0,0,0,0,0,0,7197,461396992,"Diavata",40.7,22.86,13838,"Diavata","Manual"
1652526410,70699,"2016-05-06","2016-05-12",0,0,0,0,0,0,0,0,0,0,0,0,0,0,0,0,0,0,0,0,0,0,0,0,0,0,0,0,0,0,0,0,0,0,0,0,0,0,0,0,0,0,1094663034,"Chios",38.38333,26.11667,13754,"Chios","Manual"
1662419581,70699,"2015-12-26","2016-01-01",77,3,0,80,0,9,54,0,0,120,0,63,3,0,0,0,0,0,0,3,3,44,27,35,0,0,0,106,0,0,0,106,0,0,170,170,0,0,0,0,0,462,569080712,"Kos",36.85,27.23333,13759,"Kos","Manual"
1676204400,70699,"2016-05-20","2016-05-26",0,0,0,0,0,0,0,0,0,0,0,0,0,0,0,0,0,0,0,0,0,0,0,0,0,0,0,0,0,0,0,0,0,0,0,0,0,0,0,0,0,0,1094663034,"Chios",38.38333,26.11667,13754,"Chios","Manual"
1676249806,70699,"2016-01-30","2016-02-04",459,181,282,922,0,0,953,0,0,894,0,953,0,0,207,325,106,26,0,664,207,0,0,168,0,0,0,168,823,0,823,168,0,0,616,1439,0,0,0,0,0,4118,755114467,"Lesvos",39.1,26.55,13752,"Lesbos","Manual"
1680384232,70699,"2016-04-01","2016-04-07",2712,1826,1903,6441,0,0,3200,0,0,13112,0,3200,0,0,1900,460,0,0,600,2960,1900,0,0,720,0,0,0,720,0,700,700,720,0,0,0,700,0,0,0,0,0,20692,2025732386,"Athens",37.96667,23.71667,13761,"Athens","Manual"
1686466346,70699,"2016-02-26","2016-03-03",242,160,40,442,0,0,268,0,0,0,8,268,29,0,286,0,0,0,0,315,315,0,0,0,0,0,0,0,0,0,0,0,0,0,0,8,0,0,0,0,0,591,1094663034,"Chios",38.38333,26.11667,13754,"Chios","Manual"
1700148439,70699,"2016-05-13","2016-05-19",0,0,0,9956,9956,0,1927,0,0,6230,0,1927,0,0,0,238,0,168,0,406,0,0,0,0,0,0,0,0,0,400,400,0,0,0,993,1393,0,0,0,0,0,9956,1537547328,"Idomeni",41.1265,22.518,13760,"Idomeni","Manual"
1701471641,70699,"2016-02-05","2016-02-11",210,52,78,340,0,0,362,0,0,362,0,362,0,0,362,0,0,0,0,362,362,0,0,362,0,0,0,362,0,362,362,362,0,0,0,362,0,0,0,0,0,1810,2025732386,"Athens",37.96667,23.71667,13761,"Athens","Manual"
1703125763,70699,"2016-06-10","2016-06-16",0,0,0,3200,3200,0,3200,0,0,0,0,3200,0,0,0,0,0,0,0,0,0,0,0,0,0,0,0,0,0,0,0,0,0,0,13,13,2480,3200,1320,670,7670,10883,1198055428,"Skaramagas",38.0048,23.5891,13761,"Athens","Manual"
1707338283,70699,"2016-03-03","2016-03-10",1262,1190,1048,3500,0,0,2480,0,0,4987,0,2480,0,0,1344,40,289,118,0,1791,1344,0,0,1485,0,0,0,1485,1780,0,1780,1485,0,0,45,1825,0,0,0,0,0,12568,755114467,"Lesvos",39.1,26.55,13752,"Lesbos","Manual"
1720621429,70699,"2015-10-01","2015-12-25",0,0,0,0,0,0,0,0,0,0,200,0,0,0,0,0,0,0,0,0,0,0,0,0,0,0,0,0,0,0,0,0,0,0,0,200,0,0,0,0,0,200,1543939307,"Rhodes",36.4093,28.2215,13910,"Hellenic Red Cross","Manual"
1732188210,70699,"2016-03-18","2016-03-24",3690,2429,2326,8445,0,0,6500,0,0,10000,0,6500,0,0,5000,480,0,0,0,5480,5000,0,0,720,0,0,0,720,0,600,600,720,0,0,0,600,0,0,0,0,0,23300,2025732386,"Athens",37.96667,23.71667,13761,"Athens","Manual"
1735196968,70699,"2016-01-09","2016-01-15",0,0,0,6034,6034,0,2479,0,0,2496,0,2479,0,0,120,0,0,79,60,259,120,0,0,0,600,0,0,600,200,0,200,600,0,0,0,200,0,0,0,0,0,6034,1537547328,"Idomeni",41.1265,22.518,13910,"Hellenic Red Cross","Manual"
1738136248,70699,"2016-02-26","2016-03-03",2200,1808,2012,6020,0,0,3640,0,0,8140,0,3640,0,0,1340,0,0,305,260,1905,1340,0,0,940,0,0,0,940,0,640,640,940,0,0,1500,2140,0,0,0,0,0,16765,2025732386,"Athens",37.96667,23.71667,13761,"Athens","Manual"
1742154851,70699,"2016-04-29","2016-05-05",0,0,0,0,0,0,0,0,0,0,0,0,0,0,0,0,0,0,0,0,0,0,0,0,0,0,0,0,0,0,0,0,0,0,0,0,0,0,0,0,0,0,519440442,"Samos",37.75,26.83333,13753,"Samos","Manual"
1743133174,70699,"2016-01-30","2016-02-04",98,31,33,162,0,25,100,0,0,263,0,125,21,0,123,0,143,7,0,294,144,0,0,75,0,0,0,75,0,125,125,75,0,0,358,483,0,0,0,0,0,1240,569080712,"Kos",36.85,27.23333,13759,"Kos","Manual"
1768610429,70699,"2016-01-01","2016-01-08",223,151,46,420,0,0,0,0,0,840,0,0,0,0,420,81,0,0,0,501,420,0,0,420,0,0,0,420,0,420,420,420,0,0,0,420,0,0,0,0,0,2181,2025732386,"Athens",37.96667,23.71667,13761,"Athens","Manual"
1772835582,70699,"2016-03-18","2016-03-24",0,0,0,23254,23254,0,1100,0,0,0,0,1100,0,0,800,40,800,30,40,1710,800,0,0,0,0,680,0,680,0,902,902,0,680,0,18862,19764,0,0,0,0,0,23254,1537547328,"Idomeni",41.1265,22.518,13760,"Idomeni","Manual"
1772935504,70699,"2016-03-10","2016-03-17",0,0,0,16323,16323,0,0,0,0,3760,0,0,0,0,1212,69,143,207,0,1631,1212,0,0,2231,7001,0,0,9232,0,1700,1700,9232,0,0,0,1700,0,0,0,0,0,16323,461396992,"Diavata",40.7,22.86,13838,"Diavata","Manual"
1776896840,70699,"2016-02-26","2016-03-03",0,0,0,3000,3000,0,0,0,0,48,0,0,0,0,2128,211,1390,234,0,3963,2128,0,0,0,0,0,0,0,0,0,0,0,0,0,0,0,0,0,0,0,0,4011,461396992,"Diavata",40.7,22.86,13838,"Diavata","Manual"
1777927156,70699,"2016-04-22","2016-04-28",0,0,0,0,0,0,0,0,0,0,0,0,0,0,0,0,0,0,0,0,0,0,0,0,0,0,0,0,0,0,0,0,0,0,0,0,0,0,0,0,0,0,1094663034,"Chios",38.38333,26.11667,13754,"Chios","Manual"
1793230357,70699,"2016-06-10","2016-06-16",0,0,0,1558,1558,0,0,1500,0,2244,0,1500,0,0,0,0,0,684,0,684,0,0,0,0,0,0,0,0,0,0,0,0,0,0,0,0,0,0,0,0,0,4428,1159912091,"Kordelio",40.6621,22.8956,13910,"Hellenic Red Cross","Manual"
1800302005,70699,"2016-05-27","2016-06-02",0,0,0,2552,2552,0,0,0,0,0,1248,0,0,0,0,0,0,464,840,1304,0,0,0,0,0,0,0,0,0,0,0,0,0,0,0,1248,0,0,0,0,0,2552,461396992,"Diavata",40.7,22.86,13838,"Diavata","Manual"
1803274247,70699,"2016-06-17","2016-06-23",0,0,0,340,340,0,0,340,0,340,0,340,0,0,0,0,0,24,0,24,0,0,0,0,0,0,0,0,0,0,0,0,0,0,0,0,0,0,0,0,0,704,569080712,"Kos",36.85,27.23333,13759,"Kos","Manual"
1805470853,70699,"2016-05-13","2016-05-19",409,401,133,943,0,0,800,0,0,1600,0,800,0,0,400,0,0,0,0,400,400,0,0,160,0,0,0,160,800,0,800,160,0,0,0,800,0,0,0,0,0,3760,755114467,"Lesvos",39.1,26.55,13752,"Lesbos","Manual"
1805732161,70699,"2016-01-09","2016-01-15",1222,685,737,2644,0,369,845,0,0,1555,479,1214,86,0,96,32,0,131,0,345,182,112,0,0,0,0,0,112,783,0,783,112,0,0,4197,5459,0,0,0,0,0,8685,755114467,"Lesvos",39.1,26.55,13752,"Lesbos","Manual"
1805795344,70699,"2016-02-12","2016-02-18",113,26,13,152,0,22,122,0,0,200,0,144,24,0,96,0,86,10,0,216,120,0,0,0,80,0,0,80,0,126,126,80,0,0,320,446,0,0,0,0,0,1086,569080712,"Kos",36.85,27.23333,13759,"Kos","Manual"
1813096613,70699,"2016-03-11","2016-03-17",275,102,29,406,0,0,392,0,0,1008,0,392,0,0,48,41,96,14,168,367,48,0,0,0,0,0,0,0,0,357,357,0,0,0,0,357,0,0,0,0,0,2124,519440442,"Samos",37.75,26.83333,13753,"Samos","Manual"
1815793681,70699,"2016-04-01","2016-04-07",0,0,0,17344,17344,0,2400,0,0,7850,0,2400,0,0,0,0,1000,344,0,1344,0,0,0,340,0,0,0,340,0,400,400,340,0,0,5010,5410,0,0,0,0,0,17344,1537547328,"Idomeni",41.1265,22.518,13760,"Idomeni","Manual"
1824032916,70699,"2015-12-26","2016-01-01",0,0,0,150,150,100,50,0,0,0,45,150,35,0,0,0,0,12,0,47,35,0,0,0,0,0,0,0,0,0,0,0,0,0,0,45,0,0,0,0,0,242,1094663034,"Chios",38.38333,26.11667,13754,"Chios","Manual"
1834011794,70699,"2016-03-03","2016-03-10",755,595,135,1485,0,0,1070,0,0,0,197,1070,119,0,345,0,0,23,0,487,464,15,0,0,0,0,0,15,0,0,0,15,0,0,0,197,0,0,0,0,0,1769,1094663034,"Chios",38.38333,26.11667,13754,"Chios","Manual"
1844756268,70699,"2016-04-08","2016-04-14",0,0,0,0,0,0,0,0,0,0,0,0,0,0,0,0,0,0,0,0,0,0,0,0,0,0,0,0,0,0,0,0,0,0,0,0,0,0,0,0,0,0,1094663034,"Chios",38.38333,26.11667,13754,"Chios","Manual"
1860315793,70699,"2016-05-13","2016-05-19",0,0,0,3704,3704,0,0,824,0,192,0,824,0,0,0,20,1000,256,1348,2624,0,0,64,0,0,0,0,64,0,0,0,64,0,0,0,0,0,0,0,0,0,3704,461396992,"Diavata",40.7,22.86,13838,"Diavata","Manual"
1862589918,70699,"2016-05-13","2016-05-19",0,0,0,0,0,0,0,0,0,0,0,0,0,0,0,0,0,0,0,0,0,0,0,0,0,0,0,0,0,0,0,0,0,0,0,0,0,0,0,0,0,0,569080712,"Kos",36.85,27.23333,13759,"Kos","Manual"
1867903275,70699,"2016-06-17","2016-06-23",176,168,89,433,0,0,0,387,0,1764,0,387,0,0,0,0,248,46,120,414,0,0,0,0,0,0,0,0,0,0,0,0,0,0,0,0,0,0,0,0,0,2565,2141418389,"Ritsona",38.39,23.5,13840,"Ritsona","Manual"
1875391998,70699,"2016-03-03","2016-03-10",2241,1668,1416,5325,0,0,4500,0,0,11400,0,4500,0,0,1800,1164,30,0,0,2994,1800,0,0,180,0,0,0,180,0,1800,1800,180,0,0,1500,3300,0,0,0,0,0,22374,2025732386,"Athens",37.96667,23.71667,13761,"Athens","Manual"
1883451768,70699,"2015-10-01","2015-12-25",0,0,0,0,0,0,20574,0,0,2400,0,20574,620,0,87,0,0,802,0,1509,707,3390,2150,496,0,11437,0,17473,0,0,0,6036,11437,0,1095,1095,0,0,0,0,0,43051,1537547328,"Idomeni",41.1265,22.518,13760,"Idomeni","Manual"
1903706364,70699,"2015-10-01","2015-12-25",0,0,0,0,0,120,393,0,0,3038,2284,513,251,0,0,0,0,183,0,434,251,89,0,0,0,0,0,89,0,0,0,89,0,0,0,2284,0,0,0,0,0,6358,1094663034,"Chios",38.38333,26.11667,13754,"Chios","Manual"
1911471919,70699,"2016-04-01","2016-04-07",0,0,0,0,0,0,0,0,0,0,0,0,0,0,0,0,0,0,0,0,0,0,0,0,0,0,0,0,0,0,0,0,0,0,0,0,0,0,0,0,0,0,1094663034,"Chios",38.38333,26.11667,13754,"Chios","Manual"
1920369956,70699,"2016-02-05","2016-02-11",161,96,104,361,0,0,283,0,0,612,0,283,36,52,96,40,418,16,0,658,184,0,0,179,0,0,0,179,291,0,291,179,0,0,37,328,0,0,0,0,0,2060,755114467,"Lesvos",39.1,26.55,13752,"Lesbos","Manual"
1920483418,70699,"2016-03-03","2016-03-10",0,0,0,6821,6821,0,0,0,0,1512,0,0,0,0,1752,120,1300,120,0,3292,1752,0,500,0,1193,250,0,1943,0,0,0,1693,250,0,0,0,0,0,0,0,0,6747,461396992,"Diavata",40.7,22.86,13838,"Diavata","Manual"
1935167639,70699,"2016-02-26","2016-03-03",103,63,62,228,0,65,119,0,0,521,0,184,36,0,128,17,119,3,0,303,164,0,0,51,0,0,0,51,0,30,30,51,0,0,81,111,0,0,0,0,0,1170,569080712,"Kos",36.85,27.23333,13759,"Kos","Manual"
1940787081,70699,"2016-05-27","2016-06-02",543,257,124,924,0,0,800,0,0,1600,0,800,0,0,400,0,0,0,0,400,400,0,0,320,0,0,0,320,385,0,385,320,0,0,0,385,0,0,0,0,0,3505,755114467,"Lesvos",39.1,26.55,13752,"Lesbos","Manual"
1943342011,70699,"2016-01-09","2016-01-15",385,313,71,769,0,0,672,0,0,36,0,672,30,0,232,0,0,42,0,304,262,0,0,98,0,0,0,98,0,280,280,98,0,0,0,280,0,0,0,0,0,1390,519440442,"Samos",37.75,26.83333,13753,"Samos","Manual"
1971632539,70699,"2016-06-17","2016-06-23",0,0,0,4000,4000,0,4000,0,0,0,0,4000,0,0,0,0,0,0,0,0,0,0,0,0,0,0,0,0,0,0,0,0,0,0,0,0,0,0,0,0,0,4000,755114467,"Lesvos",39.1,26.55,13752,"Lesbos","Manual"
1990140973,70699,"2016-02-19","2016-02-25",435,316,337,1088,0,0,983,0,0,2041,0,983,0,367,226,205,400,245,0,1443,593,0,0,405,0,0,0,405,959,0,959,405,0,150,150,1259,0,0,0,0,0,6131,755114467,"Lesvos",39.1,26.55,13752,"Lesbos","Manual"
1998330863,70699,"2016-05-13","2016-05-19",0,0,0,0,0,0,0,0,0,0,0,0,0,0,0,0,0,0,0,0,0,0,0,0,0,0,0,0,0,0,0,0,0,0,0,0,0,0,0,0,0,0,2025732386,"Athens",37.96667,23.71667,13761,"Athens","Manual"
2005990261,70699,"2016-04-29","2016-05-05",0,0,0,9579,9579,0,2384,0,0,5066,0,2384,0,0,487,132,1250,50,0,1919,487,0,0,0,0,0,0,0,0,210,210,0,0,0,0,210,0,0,0,0,0,9579,1537547328,"Idomeni",41.1265,22.518,13760,"Idomeni","Manual"
2017365032,70699,"2016-05-05","2016-05-12",0,0,0,0,0,0,0,0,0,0,0,0,0,0,0,0,0,0,0,0,0,0,0,0,0,0,0,0,0,0,0,0,0,0,0,0,0,0,0,0,0,0,2141418389,"Ritsona",38.39,23.5,13840,"Ritsona","Manual"
2034467137,70699,"2016-05-06","2016-05-12",0,0,0,14044,14044,0,2184,0,0,5166,0,2184,0,0,0,400,1657,80,0,2137,0,0,0,0,0,0,0,0,0,0,0,0,0,0,4557,4557,0,0,0,0,0,14044,1537547328,"Idomeni",41.1265,22.518,13760,"Idomeni","Manual"
2048408876,70699,"2016-03-11","2016-03-17",162,1,1,164,0,0,162,0,0,442,0,162,0,0,0,0,162,0,0,162,0,0,0,29,0,0,0,29,0,162,162,29,0,0,143,305,0,0,0,0,0,1100,569080712,"Kos",36.85,27.23333,13759,"Kos","Manual"
2051404704,70699,"2016-02-12","2016-02-18",15,7,12,34,0,0,0,12,0,0,1,12,1,0,0,0,0,8,0,9,1,0,0,0,0,0,0,0,0,0,0,0,0,0,0,1,0,0,0,0,0,22,1094663034,"Chios",38.38333,26.11667,13754,"Chios","Manual"
2061384162,70699,"2016-01-02","2016-01-08",224,190,286,700,0,173,0,0,0,0,271,173,70,0,0,0,0,62,0,132,70,117,50,0,0,0,0,167,0,0,0,167,0,0,828,1099,0,0,0,0,0,1571,755114467,"Lesvos",39.1,26.55,13752,"Lesbos","Manual"
2068309679,70699,"2016-04-22","2016-04-28",26,43,128,197,0,0,0,0,0,0,0,0,0,0,0,0,0,37,323,360,0,0,0,0,0,0,0,0,0,0,0,0,0,0,0,0,0,0,0,0,0,360,755114467,"Lesvos",39.1,26.55,13752,"Lesbos","Manual"
2074315745,70699,"2016-04-29","2016-05-05",0,0,0,0,0,0,0,0,0,0,0,0,0,0,0,0,0,0,0,0,0,0,0,0,0,0,0,0,0,0,0,0,0,0,0,0,0,0,0,0,0,0,569080712,"Kos",36.85,27.23333,13759,"Kos","Manual"
2120116189,70699,"2016-04-29","2016-05-05",361,189,67,617,0,0,567,0,0,992,0,567,0,0,480,0,0,0,0,480,480,0,0,160,0,0,0,160,560,0,560,160,0,0,0,560,0,0,0,0,0,2759,755114467,"Lesvos",39.1,26.55,13752,"Lesbos","Manual"
