"siteId","activityId","startDate","endDate","health_eru","first_aid","rescue","hygiene_promo","wash","pss_counseling","child_activities","total_pss","total_rfl","total_rfl_vulnerable","info_services","wifi_mobile","phone_cards_calls","hotline_calls","other_services","total_health","total_connectivity","total_wash","total_ppl_reached","Total.RFL","locationId","locationName","latitude","longitude","partnerId","partnerName"
938730,70700,"2016-05-20","2016-05-26",108,1,0,162,0,582,70,652,0,0,0,0,0,0,0,761,0,162,923,0,1094663034,"Chios",38.38333,26.11667,13754,"Chios"
16652011,70700,"2015-10-01","2015-12-25",0,0,457,0,0,0,0,0,150,0,0,0,0,0,0,457,0,0,607,150,721508707,"Crete",35.21,24.91,13910,"Hellenic Red Cross"
22500987,70700,"2016-06-10","2016-06-16",474,0,0,0,0,2,0,2,0,0,0,0,0,5,0,476,5,0,481,0,1159912091,"Kordelio",40.6621,22.8956,13910,"Hellenic Red Cross"
44838933,70700,"2016-02-05","2016-02-11",397,0,0,0,0,65,247,312,0,0,132,0,0,0,72,709,132,0,913,0,1537547328,"Idomeni",41.1265,22.518,13760,"Idomeni"
45475405,70700,"2016-05-06","2016-05-12",379,77,0,0,0,653,190,843,537,218,41,0,0,78,0,1299,119,0,2173,755,2025732386,"Athens",37.96667,23.71667,13761,"Athens"
66975693,70700,"2016-06-03","2016-06-09",191,1,0,0,0,0,247,247,0,0,0,0,0,0,0,439,0,0,439,0,2141418389,"Ritsona",38.39,23.5,13840,"Ritsona"
73897264,70700,"2016-04-22","2016-04-28",211,0,0,224,0,810,368,1178,0,0,0,0,0,0,0,1389,0,224,1613,0,1094663034,"Chios",38.38333,26.11667,13754,"Chios"
75487656,70700,"2016-04-01","2016-04-07",163,2,0,180,0,163,0,163,2,0,180,0,0,0,0,328,180,180,690,2,519440442,"Samos",37.75,26.83333,13753,"Samos"
80310546,70700,"2016-01-30","2016-02-04",339,0,0,120,120,490,345,835,0,0,20,0,0,0,0,1174,20,240,1434,0,1094663034,"Chios",38.38333,26.11667,13910,"Hellenic Red Cross"
83069847,70700,"2016-03-04","2016-03-10",167,0,0,160,0,180,0,180,3,1,160,0,2,0,0,347,162,160,673,4,519440442,"Samos",37.75,26.83333,13753,"Samos"
100476340,70700,"2016-01-16","2016-01-22",100,5,0,0,0,16,18,34,0,0,10,0,0,0,35,139,10,0,184,0,1537547328,"Idomeni",41.1265,22.518,13910,"Hellenic Red Cross"
106577818,70700,"2016-06-03","2016-06-09",115,0,0,138,0,514,75,589,0,0,0,0,0,0,0,704,0,138,842,0,1094663034,"Chios",38.38333,26.11667,13754,"Chios"
107853036,70700,"2016-02-19","2016-02-25",394,0,0,0,0,65,27,92,0,0,64,0,0,0,12,486,64,0,562,0,1537547328,"Idomeni",41.1265,22.518,13760,"Idomeni"
116429568,70700,"2016-05-27","2016-06-02",0,14,0,0,0,10,0,10,2,0,28,564,156,10,0,24,758,0,784,2,755114467,"Lesvos",39.1,26.55,13752,"Lesbos"
117208911,70700,"2016-05-06","2016-05-12",160,7,0,81,0,269,40,309,0,0,0,0,0,0,0,476,0,81,557,0,1094663034,"Chios",38.38333,26.11667,13754,"Chios"
121282937,70700,"2016-04-15","2016-04-21",0,29,0,0,0,43,85,128,1,0,127,825,276,6,0,157,1234,0,1392,1,755114467,"Lesvos",39.1,26.55,13752,"Lesbos"
128625995,70700,"2016-06-10","2016-06-16",357,0,0,0,0,308,0,308,0,0,0,0,0,0,0,665,0,0,665,0,1198055428,"Skaramagas",38.0048,23.5891,13761,"Athens"
149624132,70700,"2015-12-26","2016-01-01",160,0,0,0,0,6,0,6,0,0,2,0,0,0,0,166,2,0,168,0,1537547328,"Idomeni",41.1265,22.518,13760,"Idomeni"
151727329,70700,"2016-04-01","2016-04-07",355,14,0,0,0,603,582,1185,474,205,78,0,91,0,0,1554,169,0,2402,679,2025732386,"Athens",37.96667,23.71667,13761,"Athens"
170439318,70700,"2016-03-04","2016-03-10",293,10,0,0,0,532,518,1050,429,191,124,0,0,270,0,1353,394,0,2367,620,2025732386,"Athens",37.96667,23.71667,13761,"Athens"
171381774,70700,"2016-01-09","2016-01-15",76,0,0,100,0,200,340,540,1,0,100,5,0,0,0,616,105,100,822,1,519440442,"Samos",37.75,26.83333,13753,"Samos"
201506066,70700,"2015-10-01","2015-12-25",844,0,23149,2352,0,3499,29,3528,103,19,8066,12591,0,68,340,27521,20725,2352,51060,122,755114467,"Lesvos",39.1,26.55,13752,"Lesbos"
204605929,70700,"2016-01-02","2016-01-08",314,0,0,122,0,348,135,483,10,0,0,0,0,0,0,797,0,122,929,10,1094663034,"Chios",38.38333,26.11667,13754,"Chios"
211444366,70700,"2016-01-16","2016-01-22",277,0,0,175,0,660,400,1060,0,0,23,0,0,0,0,1337,23,175,1535,0,1094663034,"Chios",38.38333,26.11667,13910,"Hellenic Red Cross"
217060427,70700,"2016-02-24","2016-02-25",176,0,0,0,0,20,0,20,0,0,0,0,0,0,0,196,0,0,196,0,461396992,"Diavata",40.7,22.86,13838,"Diavata"
243013510,70700,"2016-01-16","2016-01-22",104,0,0,0,0,126,0,126,328,2,55,0,0,88,0,230,143,0,703,330,2025732386,"Athens",37.96667,23.71667,13910,"Hellenic Red Cross"
254703995,70700,"2016-04-08","2016-04-14",169,0,0,0,0,56,94,150,2,0,75,0,0,0,0,319,75,0,396,2,1537547328,"Idomeni",41.1265,22.518,13760,"Idomeni"
287254425,70700,"2016-02-26","2016-03-03",0,25,0,0,0,0,0,0,11,0,300,2712,63,3,0,25,3078,0,3114,11,755114467,"Lesvos",39.1,26.55,13752,"Lesbos"
295334958,70700,"2016-03-18","2016-03-24",198,0,0,30,0,61,284,345,0,0,3,0,0,0,18,543,3,30,594,0,461396992,"Diavata",40.7,22.86,13838,"Diavata"
295767852,70700,"2016-03-04","2016-03-10",0,0,0,0,0,9,0,9,0,0,22,0,0,0,322,9,22,0,353,0,569080712,"Kos",36.85,27.23333,13759,"Kos"
340164251,70700,"2016-04-01","2016-04-07",0,0,0,0,0,0,0,0,0,0,0,0,0,0,0,0,0,0,0,0,569080712,"Kos",36.85,27.23333,13759,"Kos"
373011151,70700,"2016-06-03","2016-06-09",385,0,0,0,0,44,0,44,0,0,0,0,0,0,0,429,0,0,429,0,569257762,"Cherso",41.09591,22.7691697,13837,"Cherso"
383788350,70700,"2015-12-26","2016-01-01",158,3,0,0,0,161,30,191,0,0,0,0,0,0,0,352,0,0,352,0,1094663034,"Chios",38.38333,26.11667,13754,"Chios"
388223518,70700,"2016-06-17","2016-06-23",0,36,0,0,0,0,50,50,22,0,0,3,1,117,0,86,121,0,229,22,2025732386,"Athens",37.96667,23.71667,13761,"Athens"
389620097,70700,"2015-10-01","2015-12-25",0,0,0,0,0,0,0,0,41,0,0,0,0,0,0,0,0,0,41,41,1543939307,"Rhodes",36.4093,28.2215,13910,"Hellenic Red Cross"
392843613,70700,"2016-03-11","2016-03-17",3,123,200,0,0,19,23,42,0,0,1295,3120,164,22,0,368,4601,0,4969,0,755114467,"Lesvos",39.1,26.55,13752,"Lesbos"
397697614,70700,"2016-05-13","2016-05-19",0,32,0,0,0,0,0,0,1,0,25,606,149,3,0,32,783,0,816,1,755114467,"Lesvos",39.1,26.55,13752,"Lesbos"
403514301,70700,"2015-10-01","2015-12-25",0,665,0,100,1200,28,187,215,17,0,259,54,0,0,1906,880,313,1300,4416,17,569080712,"Kos",36.85,27.23333,13759,"Kos"
428847167,70700,"2016-02-12","2016-02-18",0,0,0,0,0,160,24,184,383,176,80,0,0,108,0,184,188,0,931,559,2025732386,"Athens",37.96667,23.71667,13761,"Athens"
432524229,70700,"2016-05-13","2016-05-19",75,0,0,0,0,10,0,10,1,0,0,0,0,0,0,85,0,0,86,1,1537547328,"Idomeni",41.1265,22.518,13760,"Idomeni"
435048348,70700,"2016-02-26","2016-03-03",10,21,0,0,0,5000,25,5025,407,185,98,0,0,156,0,5056,254,0,5902,592,2025732386,"Athens",37.96667,23.71667,13761,"Athens"
457589094,70700,"2016-05-06","2016-05-12",270,0,0,0,0,8,0,8,0,0,0,0,0,0,0,278,0,0,278,0,1537547328,"Idomeni",41.1265,22.518,13760,"Idomeni"
476656489,70700,"2016-03-25","2016-03-31",158,1,0,110,0,159,0,159,1,0,159,0,0,0,0,318,159,110,588,1,519440442,"Samos",37.75,26.83333,13753,"Samos"
478161040,70700,"2016-05-13","2016-05-19",207,0,0,0,0,0,107,107,0,0,0,0,0,0,0,314,0,0,314,0,2141418389,"Ritsona",38.39,23.5,13840,"Ritsona"
479803886,70700,"2016-05-20","2016-05-26",236,0,0,0,0,39,110,149,3,0,2,0,0,0,8,385,2,0,398,3,461396992,"Diavata",40.7,22.86,13838,"Diavata"
482905639,70700,"2016-04-29","2016-05-05",275,124,0,0,0,0,46,46,531,211,36,0,0,27,0,445,63,0,1250,742,2025732386,"Athens",37.96667,23.71667,13761,"Athens"
489900766,70700,"2016-03-11","2016-03-17",362,0,0,45,0,25,234,259,0,0,3,0,0,0,33,621,3,45,702,0,461396992,"Diavata",40.7,22.86,13838,"Diavata"
501697226,70700,"2016-01-02","2016-01-08",0,29,2465,0,0,21,70,91,1,1,110,2300,40,3,0,2585,2453,0,5040,2,755114467,"Lesvos",39.1,26.55,13752,"Lesbos"
511980657,70700,"2016-06-10","2016-06-16",0,28,0,0,0,0,52,52,590,227,35,0,13,94,0,80,142,0,1039,817,2025732386,"Athens",37.96667,23.71667,13761,"Athens"
520349887,70700,"2016-05-20","2016-05-26",0,0,0,0,0,0,0,0,2,0,0,0,5,0,0,0,5,0,7,2,569080712,"Kos",36.85,27.23333,13759,"Kos"
565211863,70700,"2016-05-20","2016-05-26",190,1,0,349,0,244,0,244,0,0,337,0,3,0,0,435,340,349,1124,0,519440442,"Samos",37.75,26.83333,13753,"Samos"
567216039,70700,"2016-06-17","2016-06-23",391,0,0,577,0,104,0,104,0,0,0,0,0,0,0,495,0,577,1072,0,1198055428,"Skaramagas",38.0048,23.5891,13949,"Skaramagas"
574981968,70700,"2016-02-12","2016-02-18",108,0,0,135,0,230,70,300,0,0,140,0,0,0,0,408,140,135,683,0,519440442,"Samos",37.75,26.83333,13753,"Samos"
579014258,70700,"2016-06-10","2016-06-16",196,0,0,128,0,255,0,255,0,0,322,0,4,0,0,451,326,128,905,0,519440442,"Samos",37.75,26.83333,13753,"Samos"
582040343,70700,"2016-02-05","2016-02-11",0,2,0,0,0,12,0,12,0,0,20,0,0,0,380,14,20,0,414,0,569080712,"Kos",36.85,27.23333,13759,"Kos"
582082246,70700,"2016-05-05","2016-05-12",318,0,0,0,0,0,271,271,0,0,0,0,0,0,0,589,0,0,589,0,2141418389,"Ritsona",38.39,23.5,13840,"Ritsona"
586987640,70700,"2016-06-03","2016-06-09",0,67,0,0,0,0,43,43,573,224,33,0,0,157,0,110,190,0,1097,797,2025732386,"Athens",37.96667,23.71667,13761,"Athens"
588440867,70700,"2015-10-01","2015-12-25",7449,4,0,7971,0,3849,3832,7681,25,3,1980,2820,0,0,0,15134,4800,7971,27933,28,519440442,"Samos",37.75,26.83333,13753,"Samos"
589759313,70700,"2016-04-15","2016-04-21",169,21,0,0,0,398,378,776,508,206,46,0,27,133,0,966,206,0,1886,714,2025732386,"Athens",37.96667,23.71667,13761,"Athens"
602049343,70700,"2016-01-16","2016-01-22",87,0,0,140,0,450,177,627,1,0,500,100,0,0,0,714,600,140,1455,1,519440442,"Samos",37.75,26.83333,13910,"Hellenic Red Cross"
616673220,70700,"2016-06-03","2016-06-09",162,0,0,0,0,59,110,169,23,0,0,0,0,0,29,331,0,0,383,23,461396992,"Diavata",40.7,22.86,13838,"Diavata"
638957318,70700,"2016-01-23","2016-01-29",403,0,0,0,0,79,111,190,0,0,134,0,0,0,15,593,134,0,742,0,1537547328,"Idomeni",41.1265,22.518,13910,"Hellenic Red Cross"
644555587,70700,"2016-02-19","2016-02-25",0,0,0,0,0,8,0,8,0,0,17,0,0,0,282,8,17,0,307,0,569080712,"Kos",36.85,27.23333,13759,"Kos"
646249200,70700,"2016-06-17","2016-06-23",0,0,0,0,0,0,0,0,9,0,0,0,0,0,0,0,0,0,9,9,1116080926,"Oraiokastro",40.729,22.9105,13910,"Hellenic Red Cross"
666622853,70700,"2016-06-03","2016-06-09",0,1,0,0,0,0,0,0,5,0,0,0,0,0,0,1,0,0,6,5,569080712,"Kos",36.85,27.23333,13759,"Kos"
671926128,70700,"2016-03-11","2016-03-17",0,0,0,0,0,15,0,15,0,0,45,0,0,0,120,15,45,0,180,0,569080712,"Kos",36.85,27.23333,13759,"Kos"
672687141,70700,"2016-03-11","2016-03-17",387,0,0,493,0,1490,743,2233,0,0,0,0,0,0,0,2620,0,493,3113,0,1094663034,"Chios",38.38333,26.11667,13754,"Chios"
676404951,70700,"2016-02-26","2016-03-03",215,0,0,316,0,887,546,1433,0,0,0,0,0,0,0,1648,0,316,1964,0,1094663034,"Chios",38.38333,26.11667,13754,"Chios"
709823633,70700,"2016-04-08","2016-04-14",0,0,0,0,0,0,0,0,0,0,0,0,0,0,0,0,0,0,0,0,569080712,"Kos",36.85,27.23333,13759,"Kos"
734370259,70700,"2016-02-05","2016-02-11",45,0,0,110,0,250,60,310,0,0,85,0,0,0,0,355,85,110,550,0,519440442,"Samos",37.75,26.83333,13753,"Samos"
740487973,70700,"2016-05-13","2016-05-19",186,2,0,250,0,310,0,310,0,0,0,0,0,0,0,498,0,250,748,0,519440442,"Samos",37.75,26.83333,13753,"Samos"
756196004,70700,"2016-03-18","2016-03-24",156,1,0,90,0,181,0,181,0,0,181,0,20,0,0,338,201,90,629,0,519440442,"Samos",37.75,26.83333,13753,"Samos"
844633189,70700,"2016-06-17","2016-06-23",141,0,0,429,0,77,0,77,0,0,0,0,0,0,0,218,0,429,647,0,2141418389,"Ritsona",38.39,23.5,13840,"Ritsona"
851270017,70700,"2016-03-25","2016-03-31",502,16,0,0,0,568,647,1215,464,197,80,0,0,116,0,1733,196,0,2590,661,2025732386,"Athens",37.96667,23.71667,13761,"Athens"
853768782,70700,"2016-04-22","2016-04-28",354,0,0,0,0,16,0,16,0,0,0,0,0,0,0,370,0,0,370,0,1537547328,"Idomeni",41.1265,22.518,13760,"Idomeni"
875445500,70700,"2016-04-15","2016-04-21",197,3,0,290,0,295,0,295,4,0,295,0,0,0,0,495,295,290,1084,4,519440442,"Samos",37.75,26.83333,13753,"Samos"
877762702,70700,"2016-01-09","2016-01-15",52,3,0,0,0,4,0,4,0,0,4,0,0,0,0,59,4,0,63,0,1537547328,"Idomeni",41.1265,22.518,13910,"Hellenic Red Cross"
885489151,70700,"2016-01-09","2016-01-15",471,0,0,50,0,214,480,694,0,0,1,0,0,0,0,1165,1,50,1216,0,1094663034,"Chios",38.38333,26.11667,13754,"Chios"
886780451,70700,"2016-06-03","2016-06-09",218,60,0,152,0,255,0,255,1,0,255,0,5,0,0,533,260,152,946,1,519440442,"Samos",37.75,26.83333,13753,"Samos"
887587815,70700,"2016-04-15","2016-04-21",0,0,0,0,0,0,0,0,0,0,0,0,0,0,0,0,0,0,0,0,569080712,"Kos",36.85,27.23333,13759,"Kos"
899433426,70700,"2016-06-03","2016-06-09",0,18,0,0,0,0,0,0,0,0,9,286,169,13,38,18,477,0,533,0,755114467,"Lesvos",39.1,26.55,13752,"Lesbos"
905806988,70700,"2016-05-20","2016-05-26",249,65,0,50,0,25,55,80,550,219,39,0,0,119,0,394,158,50,1371,769,2025732386,"Athens",37.96667,23.71667,13761,"Athens"
913153809,70700,"2016-04-22","2016-04-28",0,21,0,0,0,39,78,117,0,0,127,752,170,9,0,138,1058,0,1196,0,755114467,"Lesvos",39.1,26.55,13752,"Lesbos"
913634725,70700,"2016-04-22","2016-04-28",199,0,0,30,0,54,107,161,0,0,0,0,0,0,0,360,0,30,390,0,461396992,"Diavata",40.7,22.86,13838,"Diavata"
920380889,70700,"2016-04-08","2016-04-14",249,0,0,30,0,45,130,175,1,3,0,0,5,0,0,424,5,30,463,4,461396992,"Diavata",40.7,22.86,13838,"Diavata"
922128586,70700,"2016-05-13","2016-05-19",215,0,0,0,0,35,32,67,3,0,0,0,0,0,11,282,0,0,296,3,461396992,"Diavata",40.7,22.86,13838,"Diavata"
941044042,70700,"2016-03-18","2016-03-24",572,16,0,0,0,392,432,824,451,193,112,0,0,181,0,1412,293,0,2349,644,2025732386,"Athens",37.96667,23.71667,13761,"Athens"
948079778,70700,"2016-06-17","2016-06-23",196,0,0,0,0,3,74,77,0,0,0,0,0,0,17,273,0,0,290,0,461396992,"Diavata",40.7,22.86,13838,"Diavata"
954957114,70700,"2016-01-16","2016-01-22",0,49,2020,0,0,7,21,28,1,1,621,2900,71,1,15,2097,3593,0,5707,2,755114467,"Lesvos",39.1,26.55,13910,"Hellenic Red Cross"
967403209,70700,"2015-10-01","2015-12-25",16978,649,0,149,0,533,1354,1887,5,1,9526,30,0,0,27,19514,9556,149,29252,6,1537547328,"Idomeni",41.1265,22.518,13760,"Idomeni"
975654467,70700,"2016-01-23","2016-01-29",0,5,0,0,0,3,20,23,1,0,25,0,0,0,287,28,25,0,341,1,569080712,"Kos",36.85,27.23333,13910,"Hellenic Red Cross"
980495700,70700,"2016-05-13","2016-05-19",310,54,0,0,0,0,161,161,546,219,30,0,0,87,0,525,117,0,1407,765,2025732386,"Athens",37.96667,23.71667,13761,"Athens"
983768424,70700,"2016-01-02","2016-01-08",0,17,0,0,0,0,0,0,0,0,32,0,0,0,150,17,32,0,199,0,569080712,"Kos",36.85,27.23333,13759,"Kos"
984256041,70700,"2016-03-25","2016-03-31",281,0,0,50,0,74,234,308,3,0,5,0,0,0,31,589,5,50,678,3,461396992,"Diavata",40.7,22.86,13838,"Diavata"
1026156569,70700,"2016-05-27","2016-06-02",180,0,0,0,0,60,75,135,0,0,4,0,0,0,0,315,4,0,319,0,461396992,"Diavata",40.7,22.86,13838,"Diavata"
1034126878,70700,"2016-01-30","2016-02-04",0,212,440,65,0,3,135,138,5,0,495,3500,3,6,0,790,4004,65,4864,5,755114467,"Lesvos",39.1,26.55,13910,"Hellenic Red Cross"
1036410614,70700,"2016-05-13","2016-05-19",0,0,0,0,0,0,0,0,0,0,0,0,0,0,0,0,0,0,0,0,569080712,"Kos",36.85,27.23333,13759,"Kos"
1040666877,70700,"2016-02-12","2016-02-18",117,0,0,0,0,17,45,62,0,0,34,0,0,0,6,179,34,0,219,0,1537547328,"Idomeni",41.1265,22.518,13760,"Idomeni"
1043083518,70700,"2016-01-02","2016-01-08",50,0,0,150,0,200,71,271,0,0,150,5,0,0,0,321,155,150,626,0,519440442,"Samos",37.75,26.83333,13753,"Samos"
1053524211,70700,"2016-01-01","2016-01-08",55,0,0,0,0,0,18,18,332,11,50,0,0,25,0,73,75,0,491,343,2025732386,"Athens",37.96667,23.71667,13761,"Athens"
1070190232,70700,"2016-01-23","2016-01-29",44,0,0,0,0,283,0,283,341,205,78,0,0,28,0,327,106,0,979,546,2025732386,"Athens",37.96667,23.71667,13910,"Hellenic Red Cross"
1091548704,70700,"2016-02-19","2016-02-25",0,0,0,0,0,280,22,302,341,182,72,0,3,130,0,302,205,0,1030,523,2025732386,"Athens",37.96667,23.71667,13761,"Athens"
1115375342,70700,"2015-12-26","2016-01-01",0,17,0,0,0,4,5,9,1,0,32,0,0,0,220,26,32,0,279,1,569080712,"Kos",36.85,27.23333,13759,"Kos"
1120576199,70700,"2016-03-18","2016-03-24",0,63,0,0,0,6,4,10,0,0,90,1717,253,21,0,73,2081,0,2154,0,755114467,"Lesvos",39.1,26.55,13752,"Lesbos"
1123644053,70700,"2016-01-23","2016-01-29",288,1,0,145,0,640,352,992,0,0,28,0,0,0,0,1281,28,145,1454,0,1094663034,"Chios",38.38333,26.11667,13910,"Hellenic Red Cross"
1124615039,70700,"2016-04-22","2016-04-28",28,75,0,0,0,0,40,40,521,209,50,0,0,111,0,143,161,0,1034,730,2025732386,"Athens",37.96667,23.71667,13761,"Athens"
1125612923,70700,"2016-02-12","2016-02-18",0,1,0,0,0,2,0,2,0,0,15,0,0,0,320,3,15,0,338,0,569080712,"Kos",36.85,27.23333,13759,"Kos"
1131266255,70700,"2016-01-09","2016-01-15",74,0,0,0,0,0,0,0,320,1,75,0,0,24,0,74,99,0,494,321,2025732386,"Athens",37.96667,23.71667,13910,"Hellenic Red Cross"
1141947500,70700,"2016-01-02","2016-01-08",50,0,0,0,0,0,0,0,0,0,2,0,0,0,0,50,2,0,52,0,1537547328,"Idomeni",41.1265,22.518,13760,"Idomeni"
1143968966,70700,"2016-03-04","2016-03-10",441,0,0,0,0,55,0,55,5,0,115,0,0,0,135,496,115,0,751,5,1537547328,"Idomeni",41.1265,22.518,13760,"Idomeni"
1151829351,70700,"2016-05-06","2016-05-12",256,0,0,0,0,35,64,99,2,0,0,0,0,0,11,355,0,0,368,2,461396992,"Diavata",40.7,22.86,13838,"Diavata"
1155005934,70700,"2016-06-10","2016-06-16",422,0,0,0,0,19,46,65,0,0,0,0,0,0,0,487,0,0,487,0,569257762,"Cherso",41.09591,22.7691697,13837,"Cherso"
1155732284,70700,"2016-04-08","2016-04-14",137,4,0,190,0,194,0,194,4,0,194,0,0,0,0,335,194,190,723,4,519440442,"Samos",37.75,26.83333,13753,"Samos"
1159968949,70700,"2015-10-01","2015-12-25",7029,0,0,3406,0,3346,900,4246,18,0,0,0,0,0,0,11275,0,3406,14699,18,1094663034,"Chios",38.38333,26.11667,13754,"Chios"
1162550877,70700,"2016-05-27","2016-06-02",230,0,0,0,0,0,0,0,0,0,0,0,0,0,0,230,0,0,230,0,1159912091,"Kordelio",40.6621,22.8956,13910,"Hellenic Red Cross"
1170044643,70700,"2016-04-01","2016-04-07",616,0,0,0,0,76,44,120,1,0,63,0,0,0,0,736,63,0,800,1,1537547328,"Idomeni",41.1265,22.518,13760,"Idomeni"
1177674016,70700,"2015-12-26","2016-01-01",0,72,3195,60,0,0,6,6,5,0,1480,750,40,2,0,3273,2272,60,5610,5,755114467,"Lesvos",39.1,26.55,13752,"Lesbos"
1183437266,70700,"2016-05-20","2016-05-26",299,0,0,0,0,0,186,186,0,0,0,0,0,0,0,485,0,0,485,0,2141418389,"Ritsona",38.39,23.5,13840,"Ritsona"
1186952224,70700,"2016-03-18","2016-03-24",263,0,0,112,0,859,132,991,0,0,0,0,0,0,0,1254,0,112,1366,0,1094663034,"Chios",38.38333,26.11667,13754,"Chios"
1189072594,70700,"2016-01-30","2016-02-04",504,0,0,0,0,58,72,130,0,0,132,0,0,0,7,634,132,0,773,0,1537547328,"Idomeni",41.1265,22.518,13910,"Hellenic Red Cross"
1192085439,70700,"2016-02-05","2016-02-11",162,0,0,225,0,440,295,735,1,0,32,0,0,0,0,897,32,225,1155,1,1094663034,"Chios",38.38333,26.11667,13754,"Chios"
1202616338,70700,"2016-02-12","2016-02-18",70,0,0,51,120,290,152,442,1,0,20,0,0,0,0,512,20,171,704,1,1094663034,"Chios",38.38333,26.11667,13754,"Chios"
1209612850,70700,"2016-04-29","2016-05-05",275,0,0,0,0,14,25,39,2,0,0,0,0,0,0,314,0,0,316,2,461396992,"Diavata",40.7,22.86,13838,"Diavata"
1239202276,70700,"2016-03-18","2016-03-24",502,0,0,0,0,27,0,27,0,0,55,0,0,0,4,529,55,0,588,0,1537547328,"Idomeni",41.1265,22.518,13760,"Idomeni"
1252841422,70700,"2016-03-25","2016-03-31",180,0,0,53,0,472,53,525,0,0,0,0,0,0,0,705,0,53,758,0,1094663034,"Chios",38.38333,26.11667,13754,"Chios"
1256055465,70700,"2016-06-10","2016-06-16",0,16,0,0,0,21,0,21,2,0,0,0,106,9,0,37,115,0,154,2,755114467,"Lesvos",39.1,26.55,13752,"Lesbos"
1258755216,70700,"2016-03-04","2016-03-10",251,0,0,0,0,17,192,209,0,0,4,0,0,0,0,460,4,0,464,0,461396992,"Diavata",40.7,22.86,13838,"Diavata"
1272955634,70700,"2016-03-25","2016-03-31",0,0,0,0,0,10,0,10,0,0,0,0,0,0,0,10,0,0,10,0,569080712,"Kos",36.85,27.23333,13759,"Kos"
1309935981,70700,"2016-05-27","2016-06-02",178,95,0,10,0,18,38,56,568,223,40,0,0,140,0,329,180,10,1310,791,2025732386,"Athens",37.96667,23.71667,13761,"Athens"
1324732813,70700,"2016-03-04","2016-03-10",6,40,200,0,0,19,23,42,4,0,1122,1780,43,12,0,288,2957,0,3249,4,755114467,"Lesvos",39.1,26.55,13752,"Lesbos"
1355411768,70700,"2016-03-18","2016-03-24",0,0,0,0,0,17,0,17,0,0,22,0,0,0,167,17,22,0,206,0,569080712,"Kos",36.85,27.23333,13759,"Kos"
1357386193,70700,"2016-06-10","2016-06-16",0,5,0,0,0,17,0,17,5,0,0,0,0,0,0,22,0,0,27,5,569080712,"Kos",36.85,27.23333,13759,"Kos"
1377168833,70700,"2016-01-30","2016-02-04",72,0,0,160,0,300,160,460,1,0,90,0,0,0,0,532,90,160,783,1,519440442,"Samos",37.75,26.83333,13910,"Hellenic Red Cross"
1399479225,70700,"2016-04-01","2016-04-07",0,9,0,0,0,0,0,0,0,0,40,550,158,10,0,9,758,0,767,0,755114467,"Lesvos",39.1,26.55,13752,"Lesbos"
1404285821,70700,"2016-01-23","2016-01-29",0,90,2920,35,0,3,34,37,3,0,665,2667,0,1,0,3047,3333,35,6418,3,755114467,"Lesvos",39.1,26.55,13910,"Hellenic Red Cross"
1413934798,70700,"2016-06-03","2016-06-09",535,0,0,0,0,26,0,26,0,0,0,0,0,0,0,561,0,0,561,0,354452122,"Nea Kavala",40.99,22.62,13839,"Nea Kavala"
1444425564,70700,"2016-02-19","2016-02-25",503,0,0,214,214,1043,75,1118,0,0,0,0,0,0,0,1621,0,428,2049,0,1094663034,"Chios",38.38333,26.11667,13754,"Chios"
1470488883,70700,"2016-02-19","2016-02-25",0,393,460,0,0,2,15,17,4,0,1081,1460,9,17,0,870,2567,0,3441,4,755114467,"Lesvos",39.1,26.55,13752,"Lesbos"
1477776435,70700,"2016-02-26","2016-03-03",490,0,0,0,0,62,50,112,2,5,64,0,0,0,35,602,64,0,708,7,1537547328,"Idomeni",41.1265,22.518,13760,"Idomeni"
1504654709,70700,"2016-04-15","2016-04-21",212,0,0,204,0,1189,368,1557,0,0,0,0,0,0,0,1769,0,204,1973,0,1094663034,"Chios",38.38333,26.11667,13754,"Chios"
1525153875,70700,"2016-02-19","2016-02-25",136,0,0,120,0,130,60,190,4,0,140,0,1,0,0,326,141,120,591,4,519440442,"Samos",37.75,26.83333,13753,"Samos"
1527282719,70700,"2016-05-06","2016-05-12",0,0,0,0,0,0,0,0,0,0,0,0,0,0,0,0,0,0,0,0,569080712,"Kos",36.85,27.23333,13759,"Kos"
1540033494,70700,"2016-04-08","2016-04-14",0,41,0,0,0,0,0,0,4,0,1255,2870,182,9,0,41,4316,0,4361,4,755114467,"Lesvos",39.1,26.55,13752,"Lesbos"
1556202270,70700,"2016-02-26","2016-03-03",224,0,0,140,0,0,0,0,1,0,150,0,1,0,0,224,151,140,516,1,519440442,"Samos",37.75,26.83333,13753,"Samos"
1560571757,70700,"2016-05-27","2016-06-02",590,0,0,547,0,11,0,11,5,0,0,0,0,0,0,601,0,547,1153,5,354452122,"Nea Kavala",40.99,22.62,13839,"Nea Kavala"
1563459030,70700,"2016-05-13","2016-05-19",144,1,0,112,0,574,70,644,1,0,0,0,0,0,0,789,0,112,902,1,1094663034,"Chios",38.38333,26.11667,13754,"Chios"
1568793601,70700,"2016-06-17","2016-06-23",0,2,0,0,0,18,0,18,6,0,0,0,0,0,0,20,0,0,26,6,569080712,"Kos",36.85,27.23333,13759,"Kos"
1576769937,70700,"2016-05-20","2016-05-26",0,21,0,0,0,0,0,0,0,0,25,585,152,4,0,21,766,0,787,0,755114467,"Lesvos",39.1,26.55,13752,"Lesbos"
1584965683,70700,"2016-04-01","2016-04-07",314,0,0,35,0,42,165,207,5,0,6,0,2,0,6,521,8,35,575,5,461396992,"Diavata",40.7,22.86,13838,"Diavata"
1613795145,70700,"2016-06-03","2016-06-09",409,0,0,0,0,0,0,0,13,0,0,0,0,0,0,409,0,0,422,13,1159912091,"Kordelio",40.6621,22.8956,13910,"Hellenic Red Cross"
1615874513,70700,"2016-06-10","2016-06-16",0,0,0,0,0,0,0,0,11,0,0,0,0,0,0,0,0,0,11,11,1116080926,"Oraiokastro",40.729,22.9105,13910,"Hellenic Red Cross"
1624596670,70700,"2016-05-27","2016-06-02",217,2,0,0,0,0,302,302,0,0,0,0,0,0,0,521,0,0,521,0,2141418389,"Ritsona",38.39,23.5,13840,"Ritsona"
1631418745,70700,"2016-01-09","2016-01-15",0,46,2170,0,0,8,13,21,3,1,620,3500,37,5,0,2237,4162,0,6403,4,755114467,"Lesvos",39.1,26.55,13752,"Lesbos"
1637609855,70700,"2015-12-26","2015-12-31",25,0,0,0,0,0,0,0,365,43,247,0,0,58,0,25,305,0,738,408,2025732386,"Athens",37.96667,23.71667,13761,"Athens"
1702812923,70700,"2016-03-25","2016-03-31",344,0,0,0,0,27,0,27,6,0,250,0,0,0,5,371,250,0,632,6,1537547328,"Idomeni",41.1265,22.518,13760,"Idomeni"
1711829389,70700,"2015-10-01","2015-12-25",2921,0,0,0,0,0,51,51,1213,260,998,114,0,901,0,2972,2013,0,6458,1473,2025732386,"Athens",37.96667,23.71667,13761,"Athens"
1712422940,70700,"2016-06-10","2016-06-16",171,0,0,0,0,121,0,121,0,0,0,0,0,0,0,292,0,0,292,0,2141418389,"Ritsona",38.39,23.5,13840,"Ritsona"
1713825401,70700,"2016-06-10","2016-06-16",167,0,0,0,0,8,116,124,0,0,0,0,0,0,29,291,0,0,320,0,461396992,"Diavata",40.7,22.86,13838,"Diavata"
1717188338,70700,"2016-02-05","2016-02-11",0,19,490,58,0,53,2,55,3,2,159,240,4,11,0,564,414,58,1041,5,755114467,"Lesvos",39.1,26.55,13752,"Lesbos"
1721266768,70700,"2016-05-06","2016-05-12",0,42,0,0,0,0,0,0,2,0,65,733,123,3,0,42,924,0,968,2,755114467,"Lesvos",39.1,26.55,13752,"Lesbos"
1748864971,70700,"2016-04-29","2016-05-05",163,0,0,107,0,277,0,277,0,0,0,0,0,0,0,440,0,107,547,0,1094663034,"Chios",38.38333,26.11667,13754,"Chios"
1755738032,70700,"2016-02-12","2016-02-18",0,2,630,0,0,0,0,0,1,0,12,90,3,3,0,632,108,0,741,1,755114467,"Lesvos",39.1,26.55,13752,"Lesbos"
1756715883,70700,"2016-04-22","2016-04-28",0,0,0,0,0,0,0,0,0,0,0,0,0,0,0,0,0,0,0,0,569080712,"Kos",36.85,27.23333,13759,"Kos"
1760436699,70700,"2015-12-26","2016-01-01",107,0,0,100,0,600,283,883,0,1,200,10,0,0,0,990,210,100,1301,1,519440442,"Samos",37.75,26.83333,13753,"Samos"
1761906635,70700,"2016-01-16","2016-01-22",0,2,0,0,0,5,24,29,1,0,15,0,0,0,240,31,15,0,287,1,569080712,"Kos",36.85,27.23333,13910,"Hellenic Red Cross"
1783641003,70700,"2016-06-03","2016-06-09",198,0,0,0,0,260,0,260,0,0,0,0,0,0,0,458,0,0,458,0,1198055428,"Skaramagas",38.0048,23.5891,13761,"Athens"
1791578938,70700,"2016-04-29","2016-05-05",0,21,0,0,0,0,43,43,0,1,98,561,86,2,0,64,747,0,812,1,755114467,"Lesvos",39.1,26.55,13752,"Lesbos"
1796594534,70700,"2016-02-26","2016-03-03",356,0,0,0,0,12,217,229,0,0,4,0,0,0,0,585,4,0,589,0,461396992,"Diavata",40.7,22.86,13838,"Diavata"
1796704936,70700,"2016-06-03","2016-06-09",0,0,0,0,0,0,0,0,9,0,0,0,0,0,0,0,0,0,9,9,1116080926,"Oraiokastro",40.729,22.9105,13910,"Hellenic Red Cross"
1799227814,70700,"2016-03-04","2016-03-10",216,0,0,100,0,1375,348,1723,0,0,0,0,0,0,0,1939,0,100,2039,0,1094663034,"Chios",38.38333,26.11667,13754,"Chios"
1808304168,70700,"2016-03-11","2016-03-17",441,0,0,0,0,27,0,27,1,0,55,0,0,0,0,468,55,0,524,1,1537547328,"Idomeni",41.1265,22.518,13760,"Idomeni"
1839945061,70700,"2016-04-22","2016-04-28",181,0,0,267,0,300,0,300,1,0,0,0,0,0,0,481,0,267,749,1,519440442,"Samos",37.75,26.83333,13753,"Samos"
1847806735,70700,"2016-04-29","2016-05-05",153,0,0,194,0,268,0,268,2,0,0,0,0,0,0,421,0,194,617,2,519440442,"Samos",37.75,26.83333,13753,"Samos"
1863490621,70700,"2016-01-30","2016-02-04",0,3,0,0,0,2,25,27,0,0,28,0,0,0,358,30,28,0,416,0,569080712,"Kos",36.85,27.23333,13910,"Hellenic Red Cross"
1863591434,70700,"2016-03-11","2016-03-17",563,15,0,0,0,380,455,835,434,191,111,0,0,195,0,1413,306,0,2344,625,2025732386,"Athens",37.96667,23.71667,13761,"Athens"
1897296652,70700,"2016-03-25","2016-03-31",0,28,135,0,0,0,0,0,1,0,63,470,109,18,0,163,660,0,824,1,755114467,"Lesvos",39.1,26.55,13752,"Lesbos"
1923597761,70700,"2016-03-11","2016-03-17",164,0,0,110,0,0,0,0,0,0,164,0,4,0,0,164,168,110,442,0,519440442,"Samos",37.75,26.83333,13753,"Samos"
1924892453,70700,"2016-04-15","2016-04-21",212,0,0,25,0,48,124,172,2,0,0,0,8,0,9,384,8,25,428,2,461396992,"Diavata",40.7,22.86,13838,"Diavata"
1947445487,70700,"2016-04-29","2016-05-05",262,0,0,0,0,35,0,35,2,1,15,0,0,0,0,297,15,0,315,3,1537547328,"Idomeni",41.1265,22.518,13760,"Idomeni"
1960195440,70700,"2016-04-08","2016-04-14",279,0,0,145,0,1085,355,1440,0,0,0,0,0,0,0,1719,0,145,1864,0,1094663034,"Chios",38.38333,26.11667,13754,"Chios"
1961382118,70700,"2016-01-30","2016-02-04",18,0,0,0,0,261,18,279,353,0,60,0,0,64,0,297,124,0,774,353,2025732386,"Athens",37.96667,23.71667,13910,"Hellenic Red Cross"
1969836722,70700,"2016-05-06","2016-05-12",289,0,0,350,0,435,0,435,0,0,268,0,0,0,0,724,268,350,1342,0,519440442,"Samos",37.75,26.83333,13753,"Samos"
1988690695,70700,"2016-04-01","2016-04-07",123,0,0,55,0,378,80,458,0,0,0,0,0,0,0,581,0,55,636,0,1094663034,"Chios",38.38333,26.11667,13754,"Chios"
1992536153,70700,"2016-06-10","2016-06-16",603,0,0,2670,0,28,0,28,52,0,0,0,0,0,0,631,0,2670,3353,52,354452122,"Nea Kavala",40.99,22.62,13839,"Nea Kavala"
1993554485,70700,"2016-04-08","2016-04-14",171,7,0,0,0,408,456,864,484,203,61,0,2,97,0,1042,160,0,1889,687,2025732386,"Athens",37.96667,23.71667,13761,"Athens"
2003574425,70700,"2016-04-15","2016-04-21",395,0,0,0,0,68,97,165,1,0,156,0,0,0,0,560,156,0,717,1,1537547328,"Idomeni",41.1265,22.518,13760,"Idomeni"
2011927367,70700,"2016-05-27","2016-06-02",449,0,0,110,0,33,0,33,1,0,0,0,0,0,0,482,0,110,593,1,569257762,"Cherso",41.09591,22.7691697,13837,"Cherso"
2018308928,70700,"2016-06-17","2016-06-23",0,12,0,0,0,0,0,0,1,0,0,0,93,12,0,12,105,0,118,1,755114467,"Lesvos",39.1,26.55,13752,"Lesbos"
2020652470,70700,"2016-01-09","2016-01-15",0,4,0,0,0,4,5,9,1,0,57,0,0,0,330,13,57,0,401,1,569080712,"Kos",36.85,27.23333,13759,"Kos"
2032712587,70700,"2016-06-10","2016-06-16",199,0,0,152,0,592,340,932,0,0,0,0,0,0,0,1131,0,152,1283,0,1094663034,"Chios",38.38333,26.11667,13754,"Chios"
2038110064,70700,"2016-06-03","2016-06-09",535,0,0,0,0,26,0,26,0,0,0,0,0,0,0,561,0,0,561,0,354452122,"Nea Kavala",40.99,22.62,13839,"Nea Kavala"
2049411351,70700,"2016-02-05","2016-02-11",12,0,0,0,0,0,28,28,370,167,69,0,0,84,0,40,153,0,730,537,2025732386,"Athens",37.96667,23.71667,13761,"Athens"
2084788386,70700,"2016-05-27","2016-06-02",0,0,0,0,0,0,30,30,2,0,0,0,4,0,0,30,4,0,36,2,569080712,"Kos",36.85,27.23333,13759,"Kos"
2090911296,70700,"2016-02-26","2016-03-03",0,0,0,0,0,12,0,12,0,0,25,0,0,0,602,12,25,0,639,0,569080712,"Kos",36.85,27.23333,13759,"Kos"
2139261689,70700,"2016-04-29","2016-05-05",0,0,0,0,0,0,0,0,0,0,0,0,0,0,0,0,0,0,0,0,569080712,"Kos",36.85,27.23333,13759,"Kos"
2140386266,70700,"2016-01-23","2016-01-29",64,0,0,120,0,400,205,605,2,0,100,40,5,0,0,669,145,120,936,2,519440442,"Samos",37.75,26.83333,13910,"Hellenic Red Cross"
